Position,Track Name,Artist,Streams,URL,Date,code,name
1,Sài Gòn Đau Lòng Quá,Hứa Kim Tuyền,45839,https://open.spotify.com/track/6TD5xfffOnYHliuF1wzL6U,2021-04-16,vn,Viet Nam
2,Tháng Mấy Em Nhớ Anh?,Ha Anh Tuan,38143,https://open.spotify.com/track/6Fbsn9471Xd0vVsMWwhePh,2021-04-16,vn,Viet Nam
3,Phải Chăng Em Đã Yêu?,Juky San,34644,https://open.spotify.com/track/3wGx3gYPjECKZazGNuPEX2,2021-04-16,vn,Viet Nam
4,Leave The Door Open,Bruno Mars,34134,https://open.spotify.com/track/7MAibcTli4IisCtbHKrGMh,2021-04-16,vn,Viet Nam
5,Nàng Thơ,Hoang Dung,32732,https://open.spotify.com/track/6rVaOdWvFaNyVVXda0NPJy,2021-04-16,vn,Viet Nam
6,Chúng Ta Của Hiện Tại,Sơn Tùng M-TP,31882,https://open.spotify.com/track/17iGUekw5nFt5mIRJcUm3R,2021-04-16,vn,Viet Nam
7,Peaches (feat. Daniel Caesar & Giveon),Justin Bieber,30077,https://open.spotify.com/track/4iJyoBOLtHqaGxP12qzhQI,2021-04-16,vn,Viet Nam
8,Kiss Me More (feat. SZA),Doja Cat,26820,https://open.spotify.com/track/748mdHapucXQri7IAO8yFK,2021-04-16,vn,Viet Nam
9,On The Ground,ROSÉ,25266,https://open.spotify.com/track/2pn8dNVSpYnAtlKFC8Q0DJ,2021-04-16,vn,Viet Nam
10,Cứ Chill Thôi,Chillies,24130,https://open.spotify.com/track/014DA3BdnmD3kI5pBogH7c,2021-04-16,vn,Viet Nam
11,LayLaLay,Jack - J97,24117,https://open.spotify.com/track/1eZ8S2yOGRhAE32pg27M1S,2021-04-16,vn,Viet Nam
12,Xin Đừng Nhấc Máy,B Ray,23845,https://open.spotify.com/track/4Rbnxa7kFSpCHNPJ3uZhtR,2021-04-16,vn,Viet Nam
13,Giữa Đại Lộ Đông Tây,Uyên Linh,23261,https://open.spotify.com/track/1MQ97OxIEAMm5BUHbS6yHv,2021-04-16,vn,Viet Nam
14,Bước Qua Mùa Cô Đơn,Vũ.,22523,https://open.spotify.com/track/7wkX67ruxr3x2GFz6vyIX9,2021-04-16,vn,Viet Nam
15,Lỡ Say Bye Là Bye,Lemese,22229,https://open.spotify.com/track/2EMbVMhUtYNfuAhTi9HvBk,2021-04-16,vn,Viet Nam
16,Chuyện Rằng,Thịnh Suy,22129,https://open.spotify.com/track/3VOeGtJwJh2jslvQAFaaEn,2021-04-16,vn,Viet Nam
17,Sinh Ra Đã Là Thứ Đối Lập Nhau,Emcee L (Da LAB),21809,https://open.spotify.com/track/6IAqflHsPVm4EpYghXauX7,2021-04-16,vn,Viet Nam
18,Gone,ROSÉ,21736,https://open.spotify.com/track/2dHoVW9AxJVSRebPRyV2aA,2021-04-16,vn,Viet Nam
19,At My Worst,Pink Sweat$,21433,https://open.spotify.com/track/2MJz8BxxMsERULatmBikDH,2021-04-16,vn,Viet Nam
20,Gác Lại Âu Lo,Da LAB,20817,https://open.spotify.com/track/6HpDKKSDZ8QpSHfikENIBC,2021-04-16,vn,Viet Nam
21,Mascara,Chillies,20422,https://open.spotify.com/track/2Jaaw8PrdUfPlU6o6tL5dl,2021-04-16,vn,Viet Nam
22,Chỉ Là Không Cùng Nhau (Live Version),Tăng Phúc,20025,https://open.spotify.com/track/6iWPQ9xAYH3ZePu2Z209Y6,2021-04-16,vn,Viet Nam
23,MONTERO (Call Me By Your Name),Lil Nas X,19930,https://open.spotify.com/track/67BtfxlNbhBmCDR2L2l8qd,2021-04-16,vn,Viet Nam
24,Film out,BTS,19731,https://open.spotify.com/track/3UHPGOkUcE4hE7sqBF4Snt,2021-04-16,vn,Viet Nam
25,Dù Cho Mai Về Sau,buitruonglinh,19375,https://open.spotify.com/track/5SUXc3Xe4GaWyDo45v6Lea,2021-04-16,vn,Viet Nam
26,Astronaut In The Ocean,Masked Wolf,19248,https://open.spotify.com/track/3VT8hOC5vuDXBsHrR53WFh,2021-04-16,vn,Viet Nam
27,từ thích thích thành thương thương,AMEE,19193,https://open.spotify.com/track/1fh5Sf3fFESFOS8D82RQiI,2021-04-16,vn,Viet Nam
28,Chúng Ta Sau Này,T.R.I,18416,https://open.spotify.com/track/4Wdwvi2C5MD8zDi9Kg3x4X,2021-04-16,vn,Viet Nam
29,Lối Nhỏ,Đen,18081,https://open.spotify.com/track/25edeHHueINMguqu9emCyV,2021-04-16,vn,Viet Nam
30,Tình Bạn Diệu Kỳ,Ricky Star,17260,https://open.spotify.com/track/2f8Ew6sB7KHlTiH9NTLvVM,2021-04-16,vn,Viet Nam
31,Buồn Thì Cứ Khóc Đi,Lynk Lee,17092,https://open.spotify.com/track/6iXGivPFpsqKmrINhIbPvx,2021-04-16,vn,Viet Nam
32,Trên Tình Bạn Dưới Tình Yêu,MIN,17039,https://open.spotify.com/track/5zH2inEP6THOY8tomr3DdZ,2021-04-16,vn,Viet Nam
33,3 1 0 7,W/N,16674,https://open.spotify.com/track/42pZsfo15M63tgCpDeGCx6,2021-04-16,vn,Viet Nam
34,Gặp Nhưng Không Ở Lại,Hiền Hồ,16665,https://open.spotify.com/track/3pyHABNUu0QxeyH1x8p7yf,2021-04-16,vn,Viet Nam
35,Yêu Thầm,Hoàng Yến Chibi,16523,https://open.spotify.com/track/7dJVE53hGAX9TcKH0abFic,2021-04-16,vn,Viet Nam
36,Đi Về Nhà,Đen,16345,https://open.spotify.com/track/7LVrrX8pkzI9fMF88nGabt,2021-04-16,vn,Viet Nam
37,Dynamite,BTS,16021,https://open.spotify.com/track/4saklk6nie3yiGePpBwUoc,2021-04-16,vn,Viet Nam
38,Cho Mình Em,Binz,15709,https://open.spotify.com/track/51bYFYWODfYOZU0rwvjiCc,2021-04-16,vn,Viet Nam
39,từ chối nhẹ nhàng thôi,Bich Phuong,15675,https://open.spotify.com/track/6B1Io9VDzMAmwFjrplDJw8,2021-04-16,vn,Viet Nam
40,Thích Quá Rùi Nà,Tlinh,15376,https://open.spotify.com/track/6jcG3yZ0e2CSI6omkYO1ut,2021-04-16,vn,Viet Nam
41,Tình Đắng Như Ly Cà Phê,nân,15350,https://open.spotify.com/track/2WOpp4vm16unl0N3i3BNNv,2021-04-16,vn,Viet Nam
42,Ke Cap Gap Ba Gia (feat. BINZ),Hoang Thuy Linh,15336,https://open.spotify.com/track/3HJ0EW4kd9S1NRCm039Fsk,2021-04-16,vn,Viet Nam
43,Heartbreak Anniversary,Giveon,14694,https://open.spotify.com/track/3FAJ6O0NOHQV8Mc5Ri6ENp,2021-04-16,vn,Viet Nam
44,Thanh Xuan,Da LAB,14035,https://open.spotify.com/track/3b34161QoxLwsqhWSPy9i5,2021-04-16,vn,Viet Nam
45,Một Mình Có Buồn Không,Thiều Bảo Trâm,13941,https://open.spotify.com/track/6qojhjr9LHJOvLDzK5yBHP,2021-04-16,vn,Viet Nam
46,Always Remember Us This Way,Lady Gaga,13697,https://open.spotify.com/track/2rbDhOo9Fh61Bbu23T2qCk,2021-04-16,vn,Viet Nam
47,Hold On,Justin Bieber,13670,https://open.spotify.com/track/1nahzW3kfMuwReTka28tH5,2021-04-16,vn,Viet Nam
48,To The Moon,hooligan.,13583,https://open.spotify.com/track/1CyYcBdukmFjFibDZaDlHc,2021-04-16,vn,Viet Nam
49,Beautiful Mistakes (feat. Megan Thee Stallion),Maroon 5,13428,https://open.spotify.com/track/6fRxMU4LWwyaSSowV441IU,2021-04-16,vn,Viet Nam
50,Bài Này Chill Phết,Đen,13282,https://open.spotify.com/track/2AiZm17zqkV7llT3SHz4Nu,2021-04-16,vn,Viet Nam
51,Missing You,Phuong Ly,12564,https://open.spotify.com/track/1AAGvzJRWMTKx7PNfeTvP4,2021-04-16,vn,Viet Nam
52,CÓ CHẮC YÊU LÀ ĐÂY,Sơn Tùng M-TP,12123,https://open.spotify.com/track/2z9iLlNBt1aLZUCFgXby97,2021-04-16,vn,Viet Nam
53,Muốn Nói Với Em,T Team,11933,https://open.spotify.com/track/1HDrKXya87GMQfAGPlqNS9,2021-04-16,vn,Viet Nam
54,Lạ Lùng,Vũ.,11864,https://open.spotify.com/track/5Bti0azlFhMattVY76qFr9,2021-04-16,vn,Viet Nam
55,deja vu,Olivia Rodrigo,11336,https://open.spotify.com/track/61KpQadow081I2AsbeLcsb,2021-04-16,vn,Viet Nam
56,3 1 0 7 - 2 (feat. W/N & Nau),W/N,11101,https://open.spotify.com/track/2PYDUM2IC01FOTDLQdFxJP,2021-04-16,vn,Viet Nam
57,Life Goes On,BTS,10983,https://open.spotify.com/track/249gnXrbfmV8NG6jTEMSwD,2021-04-16,vn,Viet Nam
58,Qua Khung Cửa Sổ,Chillies,10678,https://open.spotify.com/track/6jOP08e9PHDnoF3reZcePE,2021-04-16,vn,Viet Nam
59,Save Your Tears,The Weeknd,10311,https://open.spotify.com/track/5QO79kh1waicV47BqGRL3g,2021-04-16,vn,Viet Nam
60,Dù Cho Mai Về Sau (Acoustic Version),buitruonglinh,10268,https://open.spotify.com/track/64UWFwTIsfoHZolWAjKGgw,2021-04-16,vn,Viet Nam
61,Lời Đường Mật,Lyly,10167,https://open.spotify.com/track/4yAJOZ8ZBAKfXCI20hsVjf,2021-04-16,vn,Viet Nam
62,Giữa Đại Lộ Đông Tây (Live at XHTĐRLX),Uyên Linh,9978,https://open.spotify.com/track/0acdAdw5IXzurgC9DiugKy,2021-04-16,vn,Viet Nam
63,Bigcityboi (feat. Touliver),Binz,9959,https://open.spotify.com/track/3sV8ExJeOGXbanczafavZv,2021-04-16,vn,Viet Nam
64,Tháng 4 Là Lời Nói Dối Của Em,Ha Anh Tuan,9815,https://open.spotify.com/track/6v2XzgdJRZIdRbxD5euMal,2021-04-16,vn,Viet Nam
65,Có Em Đời Bỗng Vui,Chillies,9603,https://open.spotify.com/track/696w9BHmEY62myVCSDyrYW,2021-04-16,vn,Viet Nam
66,Bông Hoa Đẹp Nhất,Quân A.P,9175,https://open.spotify.com/track/7oX6qKTnKeVG6iT0qG1i29,2021-04-16,vn,Viet Nam
67,Và Thế Là Hết,Chillies,8978,https://open.spotify.com/track/0Bk064jKjWtfdOD8UkcImR,2021-04-16,vn,Viet Nam
68,Đom Đóm,Jack - J97,8926,https://open.spotify.com/track/5Ojsg9xR0wlTpDIW1qLYz2,2021-04-16,vn,Viet Nam
69,Hoa Nở Không Màu,Hoài Lâm,8893,https://open.spotify.com/track/2dEpaH5nsfnzU61LQ9rJuH,2021-04-16,vn,Viet Nam
70,34+35,Ariana Grande,8810,https://open.spotify.com/track/6Im9k8u9iIzKMrmV7BWtlF,2021-04-16,vn,Viet Nam
71,"ex's hate me, Pt. 2",AMEE,8743,https://open.spotify.com/track/0Rx4GFPy8ISxPhRwkjl64b,2021-04-16,vn,Viet Nam
72,Ai Đưa Em Về,Tia,8720,https://open.spotify.com/track/4iDyFW4a7iCJh2VqSpwGQz,2021-04-16,vn,Viet Nam
73,Memories,Maroon 5,8718,https://open.spotify.com/track/2b8fOow8UzyDFAE27YhOZM,2021-04-16,vn,Viet Nam
74,Một Cú Lừa,Bich Phuong,8586,https://open.spotify.com/track/2LKI0fGEKR3RWAiY2jqq8k,2021-04-16,vn,Viet Nam
75,em bỏ hút thuốc chưa?,Bich Phuong,8396,https://open.spotify.com/track/2IDZxVWQypWxYIP6wqDzGN,2021-04-16,vn,Viet Nam
76,Va Vào Giai Điệu Này (feat. RPT MCK),RAP VIỆT,8303,https://open.spotify.com/track/3U5WFUIgOaA1U7GdTs4yjQ,2021-04-16,vn,Viet Nam
77,death bed (coffee for your head),Powfu,8263,https://open.spotify.com/track/7eJMfftS33KTjuF7lTsMCx,2021-04-16,vn,Viet Nam
78,Someone You Loved,Lewis Capaldi,7962,https://open.spotify.com/track/7qEHsqek33rTcFNT9PFqLf,2021-04-16,vn,Viet Nam
79,Señorita,Shawn Mendes,7911,https://open.spotify.com/track/6v3KW9xbzN5yKLt9YKDYA2,2021-04-16,vn,Viet Nam
80,positions,Ariana Grande,7887,https://open.spotify.com/track/35mvY5S1H3J2QZyna3TFe0,2021-04-16,vn,Viet Nam
81,drivers license,Olivia Rodrigo,7862,https://open.spotify.com/track/7lPN2DXiMsVn7XUKtOW1CS,2021-04-16,vn,Viet Nam
82,Tình Yêu Xanh Lá (juju),Thịnh Suy,7842,https://open.spotify.com/track/2QIRuHGVTmp9HL2u4irHMt,2021-04-16,vn,Viet Nam
83,Hãy Trao Cho Anh,Sơn Tùng M-TP,7821,https://open.spotify.com/track/0f5yQttJS5nNxRAleF4kZO,2021-04-16,vn,Viet Nam
84,Mượn Rượu Tỏ Tình,BigDaddy,7807,https://open.spotify.com/track/3TXSdTpaqKBpWyUG3aJ3LK,2021-04-16,vn,Viet Nam
85,Internet Love,hnhngan,7765,https://open.spotify.com/track/2rGCYAabfA63PIzhQm7hVq,2021-04-16,vn,Viet Nam
86,Ngày Chưa Giông Bão,Bùi Lan Hương,7745,https://open.spotify.com/track/7laWkT6uyoMDUXBqhcAN4V,2021-04-16,vn,Viet Nam
87,nàng thơ... trời giấu trời mang đi,AMEE,7710,https://open.spotify.com/track/1PSmJr2mHzDjYXrKvQPKb0,2021-04-16,vn,Viet Nam
88,Levitating (feat. DaBaby),Dua Lipa,7488,https://open.spotify.com/track/5nujrmhLynf4yMoMtj8AQF,2021-04-16,vn,Viet Nam
89,Intentions (feat. Quavo),Justin Bieber,7468,https://open.spotify.com/track/4umIPjkehX1r7uhmGvXiSV,2021-04-16,vn,Viet Nam
90,"Em Không Sai, Chúng Ta Sai",ERIK,7455,https://open.spotify.com/track/3yWacnoBnM0lrzLmXAk44d,2021-04-16,vn,Viet Nam
91,Ngày Tận Thế,Tóc Tiên,7358,https://open.spotify.com/track/5Nd0com2T4rHRZO2YFwD2n,2021-04-16,vn,Viet Nam
92,Dân Chơi Xóm (feat. RPT MCK & JustaTee),RAP VIỆT,7352,https://open.spotify.com/track/1pQHqk6qWM5xbNeobMCGBZ,2021-04-16,vn,Viet Nam
93,Trời hôm nay nhiều mây cực!,Đen,7336,https://open.spotify.com/track/703QXwWn5KdNaoviarYHAO,2021-04-16,vn,Viet Nam
94,Ngày Mai Em Đi,Lê Hiếu,7219,https://open.spotify.com/track/0ZP4bO2ywAv44HiEzzHaq5,2021-04-16,vn,Viet Nam
95,Tình Nào Không Như Tình Đầu,Trung Quan,7169,https://open.spotify.com/track/5HaKldnT9gWe70hr8bstmh,2021-04-16,vn,Viet Nam
96,"Mashup Ngày Chưa Giông Bão, Always Remember Us This Way",Hoà Minzy,7163,https://open.spotify.com/track/0mwvf42OdAeiK27QFQv9M4,2021-04-16,vn,Viet Nam
97,Vùng Ký Ức,Chillies,6877,https://open.spotify.com/track/1503Da6qbgNifRnRwIjtZe,2021-04-16,vn,Viet Nam
98,Blue Tequila,Táo,6840,https://open.spotify.com/track/4Ba99csVDlRFQILO5cSi7I,2021-04-16,vn,Viet Nam
99,2002,Anne-Marie,6818,https://open.spotify.com/track/2BgEsaKNfHUdlh97KmvFyo,2021-04-16,vn,Viet Nam
100,Mad at Disney,salem ilese,6666,https://open.spotify.com/track/7aGyRfJWtLqgJaZoG9lJhE,2021-04-16,vn,Viet Nam
101,Thở,Da LAB,6645,https://open.spotify.com/track/3cYuUgWTz0qBGnR877SJXd,2021-04-16,vn,Viet Nam
102,Mr. Perfectly Fine (Taylor’s Version) (From The Vault),Taylor Swift,6632,https://open.spotify.com/track/2CYVETnhM9aytqrazYYwrK,2021-04-16,vn,Viet Nam
103,Yêu 5,Rhymastic,6621,https://open.spotify.com/track/5U30iZBlmxkpHqzb1OSnBS,2021-04-16,vn,Viet Nam
104,How You Like That,BLACKPINK,6600,https://open.spotify.com/track/4SFknyjLcyTLJFPKD2m96o,2021-04-16,vn,Viet Nam
105,Gene,Binz,6598,https://open.spotify.com/track/1yNHcXf3122hM5UJ0UWz4V,2021-04-16,vn,Viet Nam
106,Bật Nhạc Lên,HIEUTHUHAI,6509,https://open.spotify.com/track/7AS3f6iaLQ4NZCMZKuhWmy,2021-04-16,vn,Viet Nam
107,BLACKJACK,Soobin Hoang Son,6453,https://open.spotify.com/track/5pjrSk2jdRrFUfQuCQrQC9,2021-04-16,vn,Viet Nam
108,Talking to the Moon,Bruno Mars,6354,https://open.spotify.com/track/161DnLWsx1i3u1JT05lzqU,2021-04-16,vn,Viet Nam
109,Phố Không Em,Thái Đinh,6257,https://open.spotify.com/track/3WkvZbY9jVVIfBGhrcnVAL,2021-04-16,vn,Viet Nam
110,Runaway,AURORA,6200,https://open.spotify.com/track/1v1oIWf2Xgh54kIWuKsDf6,2021-04-16,vn,Viet Nam
111,LẦN CUỐI (đi bên em xót xa người ơi),Ngọt,6171,https://open.spotify.com/track/7AzGrpsT9kTI6OUdMXlHWe,2021-04-16,vn,Viet Nam
112,Let Me Down Slowly,Alec Benjamin,6162,https://open.spotify.com/track/2qxmye6gAegTMjLKEBoR3d,2021-04-16,vn,Viet Nam
113,Có Chàng Trai Viết Lên Cây,Phan Mạnh Quỳnh,6132,https://open.spotify.com/track/2NEzxeMKW0mk5pr7tcrvs2,2021-04-16,vn,Viet Nam
114,I Love You 3000,Stephanie Poetri,6126,https://open.spotify.com/track/3znQ9i61vfe2E7URHlOiyc,2021-04-16,vn,Viet Nam
115,Đông Kiếm Em,Vũ.,6104,https://open.spotify.com/track/0B1ZnYwYefkNhZeE8ZQpv5,2021-04-16,vn,Viet Nam
116,Arcade,Duncan Laurence,6101,https://open.spotify.com/track/1J14CdDAvBTE1AJYUOwl6C,2021-04-16,vn,Viet Nam
117,Boy With Luv (feat. Halsey),BTS,6075,https://open.spotify.com/track/5KawlOMHjWeUjQtnuRs22c,2021-04-16,vn,Viet Nam
118,SO FAR,Binz,5963,https://open.spotify.com/track/5GXCpnyiCviIiAiZn13tzn,2021-04-16,vn,Viet Nam
119,Vai Lan Don Dua,Soobin Hoang Son,5945,https://open.spotify.com/track/6hUpxEKFSjS8metuA1yxlf,2021-04-16,vn,Viet Nam
120,Yếu Đuối,Hoang Dung,5930,https://open.spotify.com/track/7LUyhsof4Pwb6qJFNam0dA,2021-04-16,vn,Viet Nam
121,Walk On Da Street,16 Typh,5925,https://open.spotify.com/track/1wl7BgRuEYJfmINb0ncS5b,2021-04-16,vn,Viet Nam
122,Đúng Cũng Thành Sai,Mỹ Tâm,5892,https://open.spotify.com/track/33weHbON0j21ZPUMc0ZKTt,2021-04-16,vn,Viet Nam
123,Liệu Giờ,2T,5832,https://open.spotify.com/track/6uMNe8s4p6DbVwzkbAK2qu,2021-04-16,vn,Viet Nam
124,Mood (feat. iann dior),24kGoldn,5815,https://open.spotify.com/track/4jPy3l0RUwlUI9T5XHBW2m,2021-04-16,vn,Viet Nam
125,Anh Đếch Cần Gì Nhiều Ngoài Em,Đen,5806,https://open.spotify.com/track/7GxSshyjKx46dlIV2UoVrc,2021-04-16,vn,Viet Nam
126,Up,Cardi B,5787,https://open.spotify.com/track/1M4OcYkxAtu3ErzSgDEfoi,2021-04-16,vn,Viet Nam
127,Cháu Xin Lỗi Chú,Linh Thộn,5740,https://open.spotify.com/track/11lfcenVcwQs5Y4xPgCZ28,2021-04-16,vn,Viet Nam
128,Chàng Trai Sơ Mi Hồng,Hoàng Duyên,5660,https://open.spotify.com/track/6lhrQC5IvCv4ICCGs9IZfo,2021-04-16,vn,Viet Nam
129,Hoa Hải Đường,Jack - J97,5654,https://open.spotify.com/track/0J2otOvMdg62gVMMjwOvSK,2021-04-16,vn,Viet Nam
130,Play Date,Melanie Martinez,5625,https://open.spotify.com/track/4DpNNXFMMxQEKl7r0ykkWA,2021-04-16,vn,Viet Nam
131,Met Him Last Night (feat. Ariana Grande),Demi Lovato,5584,https://open.spotify.com/track/4yyX2Iu4xJjW9xMvBZKSBi,2021-04-16,vn,Viet Nam
132,Nhắm Mắt Thấy Mùa Hè,Nguyen Ha,5576,https://open.spotify.com/track/7KiVghFxUSJjrSQXlb9tdh,2021-04-16,vn,Viet Nam
133,Chẳng Thể Tìm Được Em,PhucXP,5574,https://open.spotify.com/track/6Bwfp26rlqnG7RKAYin4Ru,2021-04-16,vn,Viet Nam
134,1 Phút,Andiez,5544,https://open.spotify.com/track/7JVxQjXcMlIwHuwrq7AY8E,2021-04-16,vn,Viet Nam
135,So Rang Em Biet Anh Con Yeu Em,JUUN D,5537,https://open.spotify.com/track/5TkvKPd7Bxv4xfU6cq6GGd,2021-04-16,vn,Viet Nam
136,Nến Và Hoa,Rhymastic,5438,https://open.spotify.com/track/4S0uLMXRoAjFfIJOW7A8aW,2021-04-16,vn,Viet Nam
137,comethru,Jeremy Zucker,5419,https://open.spotify.com/track/18uwL0vNUanqZH0ro2QcOP,2021-04-16,vn,Viet Nam
138,Lovesick Girls,BLACKPINK,5412,https://open.spotify.com/track/4Ws314Ylb27BVsvlZOy30C,2021-04-16,vn,Viet Nam
139,Có Người,Vu Cat Tuong,5408,https://open.spotify.com/track/5pf3f5rhtUnZ1PeTcHKVdz,2021-04-16,vn,Viet Nam
140,Nơi Này Có Anh,Sơn Tùng M-TP,5363,https://open.spotify.com/track/5HbLlcJogki9rRq2KfkGQP,2021-04-16,vn,Viet Nam
141,Ghé Qua,TaynguyenSound,5329,https://open.spotify.com/track/2Ti4hlta29bCeyrfqVSyQr,2021-04-16,vn,Viet Nam
142,Đi Qua Mùa Hạ,Thái Đinh,5319,https://open.spotify.com/track/26KyYm1DSOiDJQNj7Sc4bM,2021-04-16,vn,Viet Nam
143,Dancing With Your Ghost,Sasha Sloan,5312,https://open.spotify.com/track/1TQXIltqoZ5XXyfCbAeSQQ,2021-04-16,vn,Viet Nam
144,telepatía,Kali Uchis,5266,https://open.spotify.com/track/6tDDoYIxWvMLTdKpjFkc1B,2021-04-16,vn,Viet Nam
145,Blinding Lights,The Weeknd,5234,https://open.spotify.com/track/0VjIjW4GlUZAMYd2vXMi3b,2021-04-16,vn,Viet Nam
146,So Close,Binz,5227,https://open.spotify.com/track/1C7aNWtuAK07clP7lOQnno,2021-04-16,vn,Viet Nam
147,Blue & Grey,BTS,5163,https://open.spotify.com/track/0n2moJpAEWHwaPYYjkzMDl,2021-04-16,vn,Viet Nam
148,Em Bé,AMEE,5144,https://open.spotify.com/track/4RZJObXQzsKQLd25LBjBG8,2021-04-16,vn,Viet Nam
149,Em Mới Là Người Yêu Anh,MIN,5101,https://open.spotify.com/track/6jS9KdVErfIauI0XXX64sw,2021-04-16,vn,Viet Nam
150,Duyen Am,Hoang Thuy Linh,5088,https://open.spotify.com/track/5dZHey2U2xrNpvgyop8URS,2021-04-16,vn,Viet Nam
151,Without Me,Halsey,5041,https://open.spotify.com/track/6FZDfxM3a3UCqtzo5pxSLZ,2021-04-16,vn,Viet Nam
152,Âm Thầm Bên Em,Sơn Tùng M-TP,5028,https://open.spotify.com/track/1Huy9G87D6pbIveFulsH0P,2021-04-16,vn,Viet Nam
153,Matchanah,Híu,5011,https://open.spotify.com/track/0l5rDugLBEOGS6L77GPsaT,2021-04-16,vn,Viet Nam
154,Love Is Gone - Acoustic,SLANDER,4972,https://open.spotify.com/track/7F1CiKqrY44kh5cDqwHOnx,2021-04-16,vn,Viet Nam
155,7 rings,Ariana Grande,4966,https://open.spotify.com/track/6ocbgoVGwYJhOv1GgI9NsF,2021-04-16,vn,Viet Nam
156,Nhớ Người Hay Nhớ,Khói,4957,https://open.spotify.com/track/5vFlFRtQE31wtUFl6lRWMJ,2021-04-16,vn,Viet Nam
157,Hai Triệu Năm,Đen,4927,https://open.spotify.com/track/2qnnREp8mFVipaEoUlw9ya,2021-04-16,vn,Viet Nam
158,Thuong Em La Dieu Anh Khong The Ngo,Noo Phước Thịnh,4902,https://open.spotify.com/track/2gT5LL3uRANxvvmDxaULbQ,2021-04-16,vn,Viet Nam
159,ily (i love you baby) (feat. Emilee),Surf Mesa,4890,https://open.spotify.com/track/62aP9fBQKYKxi7PDXwcUAS,2021-04-16,vn,Viet Nam
160,Sao Cũng Được,Binz,4889,https://open.spotify.com/track/1vtQjPCcdE7FgrxQd5doWP,2021-04-16,vn,Viet Nam
161,Đừng Chờ Anh Nữa,Tăng Phúc,4860,https://open.spotify.com/track/6oKCYxUCLmB9PlqT4iQ8DP,2021-04-16,vn,Viet Nam
162,sao anh chưa về nhà,AMEE,4846,https://open.spotify.com/track/0vB6E5gTZtnpodQCCW29JN,2021-04-16,vn,Viet Nam
163,Pretty Savage,BLACKPINK,4831,https://open.spotify.com/track/1XnpzbOGptRwfJhZgLbmSr,2021-04-16,vn,Viet Nam
164,Hẹn Gặp Em Dưới Ánh Trăng,MANBO,4823,https://open.spotify.com/track/0s7RyyUlQfd8mnnboHe18n,2021-04-16,vn,Viet Nam
165,Xuân Thì,Ha Anh Tuan,4815,https://open.spotify.com/track/6QKBc1tmxsGs5vuyDZDDmy,2021-04-16,vn,Viet Nam
166,Love Story (Taylor’s Version),Taylor Swift,4803,https://open.spotify.com/track/6YvqWjhGD8mB5QXcbcUKtx,2021-04-16,vn,Viet Nam
167,Làm Gì Phải Hốt,JustaTee,4803,https://open.spotify.com/track/2FWBdovgRvBSzA1JESUe0D,2021-04-16,vn,Viet Nam
168,Bao Tiền Một Mớ Bình Yên,14 Casper,4789,https://open.spotify.com/track/7IerPeiRJsJfVaPW73GmbS,2021-04-16,vn,Viet Nam
169,Nghe Em,Thịnh Suy,4728,https://open.spotify.com/track/5WHuqG7vz4Hy0BU47fPpVp,2021-04-16,vn,Viet Nam
170,"Sau Nay, Hay Gap Lai Nhau Khi Hoa No",Nguyen Ha,4707,https://open.spotify.com/track/6F61DTypUBPZiZqgd76Sjn,2021-04-16,vn,Viet Nam
171,Shape of You,Ed Sheeran,4695,https://open.spotify.com/track/7qiZfU4dY1lWllzX7mPBI3,2021-04-16,vn,Viet Nam
172,Có Lẽ Anh Chưa Từng,Only C,4692,https://open.spotify.com/track/1n5vwy1usk9prr2Yuh9Lt8,2021-04-16,vn,Viet Nam
173,CUA,MANBO,4678,https://open.spotify.com/track/0fQwc4J9fPyRac81VOtAC3,2021-04-16,vn,Viet Nam
174,Nơi Mình Dừng Chân (Nhạc Phim Chị Trợ Lý Của Anh),Mỹ Tâm,4655,https://open.spotify.com/track/5U5aFzSWZVGe5gg8eCc8ft,2021-04-16,vn,Viet Nam
175,Let's Fall in Love for the Night,FINNEAS,4630,https://open.spotify.com/track/3n5te2xbUAPjzAnhLgA42z,2021-04-16,vn,Viet Nam
176,Kho Ve Nu Cuoi (feat. Du Uyen),Đạt G,4627,https://open.spotify.com/track/0piLGIj0C7RR4B2gowEqmO,2021-04-16,vn,Viet Nam
177,Mười Năm (Lộn Xộn 3),Đen,4617,https://open.spotify.com/track/1LXX0v5Nk5YR6gip7WL7g1,2021-04-16,vn,Viet Nam
178,Blank Space,Taylor Swift,4593,https://open.spotify.com/track/1u8c2t2Cy7UBoG4ArRcF5g,2021-04-16,vn,Viet Nam
179,RAPSTAR,Polo G,4592,https://open.spotify.com/track/43PGPuHIlVOc04jrZVh9L6,2021-04-16,vn,Viet Nam
180,Anh Luôn Là Lý Do,ERIK,4538,https://open.spotify.com/track/4TfH2Syxsx2cAJShY8u6bT,2021-04-16,vn,Viet Nam
181,Telepathy,BTS,4526,https://open.spotify.com/track/2FVpOsjT1iquZ3SpCjZ9Ne,2021-04-16,vn,Viet Nam
182,Don't Start Now,Dua Lipa,4517,https://open.spotify.com/track/3PfIrDoz19wz7qK7tYeu62,2021-04-16,vn,Viet Nam
183,Đường Một Chiều,Huỳnh Tú,4506,https://open.spotify.com/track/52oyR8Wjhdzg7zucr8keYl,2021-04-16,vn,Viet Nam
184,Perfect,Ed Sheeran,4473,https://open.spotify.com/track/0tgVpDi06FyKpA1z0VMD4v,2021-04-16,vn,Viet Nam
185,Fly To My Room,BTS,4458,https://open.spotify.com/track/3QH8rQGNFX8VLbCgZ7uPTS,2021-04-16,vn,Viet Nam
186,Lonely (with benny blanco),Justin Bieber,4454,https://open.spotify.com/track/3S8jK1mGzQi24ilFb45DAZ,2021-04-16,vn,Viet Nam
187,Đâu Cần Một Bài Ca Tình Yêu,Tien Tien,4421,https://open.spotify.com/track/3ckraK42KnTt0Mk0b8pmA2,2021-04-16,vn,Viet Nam
188,Cho Tôi Lang Thang,Ngọt,4413,https://open.spotify.com/track/7gxlKu5NBdbOHD5aHBAouf,2021-04-16,vn,Viet Nam
189,trời giấu trời mang đi,AMEE,4401,https://open.spotify.com/track/1ecVks3GJX8U67DvhVDVBn,2021-04-16,vn,Viet Nam
190,Đưa Nhau Đi Trốn (Chill Version),Đen,4382,https://open.spotify.com/track/1Axzkl935WrIsBwDqk90yQ,2021-04-16,vn,Viet Nam
191,I Like Me Better,Lauv,4343,https://open.spotify.com/track/2P91MQbaiQOfbiz9VqhqKQ,2021-04-16,vn,Viet Nam
192,Thiên Đàng,Wowy,4329,https://open.spotify.com/track/0b3N9S5FHJ4h9k7IsKDVSy,2021-04-16,vn,Viet Nam
193,Lửng Lơ,Masew,4322,https://open.spotify.com/track/2Qu80FRL83tdFP6Bnvh1gI,2021-04-16,vn,Viet Nam
194,Tomboy,Destiny Rogers,4314,https://open.spotify.com/track/5Ti3fqGTfjUsSdylFNy0Ng,2021-04-16,vn,Viet Nam
195,Tinh Nhan Oi,Orange,4301,https://open.spotify.com/track/7KNVYQdx7arRoeEJi9C9IR,2021-04-16,vn,Viet Nam
196,WAP (feat. Megan Thee Stallion),Cardi B,4282,https://open.spotify.com/track/4Oun2ylbjFKMPTiaSbbCih,2021-04-16,vn,Viet Nam
197,Anyone,Justin Bieber,4254,https://open.spotify.com/track/2WnAKZefdRHxtBEkRjFOHC,2021-04-16,vn,Viet Nam
198,We Don't Talk Anymore (feat. Selena Gomez),Charlie Puth,4245,https://open.spotify.com/track/68EMU2RD1ECNeOeJ5qAXCV,2021-04-16,vn,Viet Nam
199,Dis-ease,BTS,4241,https://open.spotify.com/track/54DmTIv86D3sYdiawjULQ0,2021-04-16,vn,Viet Nam
200,Hôm Nay Tôi Buồn,Phùng Khánh Linh,4225,https://open.spotify.com/track/5ccdGTzOHdkDUJMDFhyCjP,2021-04-16,vn,Viet Nam
1,MONTERO (Call Me By Your Name),Lil Nas X,17743,https://open.spotify.com/track/67BtfxlNbhBmCDR2L2l8qd,2021-04-16,za,South Africa
2,Peaches (feat. Daniel Caesar & Giveon),Justin Bieber,17731,https://open.spotify.com/track/4iJyoBOLtHqaGxP12qzhQI,2021-04-16,za,South Africa
3,Khuza Gogo,DBN Gogo,17020,https://open.spotify.com/track/7zJYbquljYLkTShkGhiBTX,2021-04-16,za,South Africa
4,Solid (feat. Drake),Young Stoner Life,16701,https://open.spotify.com/track/6rTInqW3YECMkQsBEHw4sd,2021-04-16,za,South Africa
5,John Wick,De Mthuda,16569,https://open.spotify.com/track/4nLJnkaFq9VNYVz1SxJsXi,2021-04-16,za,South Africa
6,Vula Mlomo,Musa Keys,16243,https://open.spotify.com/track/4ckpR1gCb3PuoDAbEA9a66,2021-04-16,za,South Africa
7,RAPSTAR,Polo G,15580,https://open.spotify.com/track/43PGPuHIlVOc04jrZVh9L6,2021-04-16,za,South Africa
8,Umsebenzi Wethu,Busta 929,14429,https://open.spotify.com/track/2H1hYPeKgIQAp439cx7GsX,2021-04-16,za,South Africa
9,The Business,Tiësto,13478,https://open.spotify.com/track/6f3Slt0GbA2bPZlz0aIFXN,2021-04-16,za,South Africa
10,Heartbreak Anniversary,Giveon,13259,https://open.spotify.com/track/3FAJ6O0NOHQV8Mc5Ri6ENp,2021-04-16,za,South Africa
11,Idlozi Lami,Dj Obza,12692,https://open.spotify.com/track/1shPobG6XTGg5ryUEtSkzK,2021-04-16,za,South Africa
12,Astronaut In The Ocean,Masked Wolf,12572,https://open.spotify.com/track/3VT8hOC5vuDXBsHrR53WFh,2021-04-16,za,South Africa
13,Woza,Mr JazziQ,12371,https://open.spotify.com/track/7ke2C0XWkZFo1PaVZjh2aF,2021-04-16,za,South Africa
14,Leave The Door Open,Bruno Mars,11551,https://open.spotify.com/track/7MAibcTli4IisCtbHKrGMh,2021-04-16,za,South Africa
15,LiYoshona - Main Mix,Kwiish SA,11381,https://open.spotify.com/track/32dzOvkFzmjEPjPidQRxU4,2021-04-16,za,South Africa
16,Ski,Young Stoner Life,11353,https://open.spotify.com/track/6755DFiZ7CWe2WMdTGW5C1,2021-04-16,za,South Africa
17,Kiss Me More (feat. SZA),Doja Cat,10980,https://open.spotify.com/track/748mdHapucXQri7IAO8yFK,2021-04-16,za,South Africa
18,Save Your Tears,The Weeknd,10776,https://open.spotify.com/track/5QO79kh1waicV47BqGRL3g,2021-04-16,za,South Africa
19,Calling My Phone,Lil Tjay,10496,https://open.spotify.com/track/3J8EOeKLTLXORtWPpOU5bE,2021-04-16,za,South Africa
20,Diamonds Dancing (feat. Travis Scott),Young Stoner Life,10476,https://open.spotify.com/track/7uZqvqXzzYMKrexKxdcGmd,2021-04-16,za,South Africa
21,Up,Cardi B,10426,https://open.spotify.com/track/1M4OcYkxAtu3ErzSgDEfoi,2021-04-16,za,South Africa
22,Streets,Doja Cat,9627,https://open.spotify.com/track/60ynsPSSKe6O3sfwRnIBRf,2021-04-16,za,South Africa
23,Blinding Lights,The Weeknd,9508,https://open.spotify.com/track/0VjIjW4GlUZAMYd2vXMi3b,2021-04-16,za,South Africa
24,Paradise,Busta 929,9206,https://open.spotify.com/track/2a1O7kNCzspA2otqOpS4fV,2021-04-16,za,South Africa
25,Friday (feat. Mufasa & Hypeman) - Dopamine Re-Edit,Riton,9171,https://open.spotify.com/track/4cG7HUWYHBV6R6tHn1gxrl,2021-04-16,za,South Africa
26,drivers license,Olivia Rodrigo,8991,https://open.spotify.com/track/7lPN2DXiMsVn7XUKtOW1CS,2021-04-16,za,South Africa
27,Levitating (feat. DaBaby),Dua Lipa,8912,https://open.spotify.com/track/5nujrmhLynf4yMoMtj8AQF,2021-04-16,za,South Africa
28,Head & Heart (feat. MNEK),Joel Corry,8581,https://open.spotify.com/track/6cx06DFPPHchuUAcTxznu9,2021-04-16,za,South Africa
29,Dakiwe,Lady Du,8205,https://open.spotify.com/track/0SZtkfDkXwoZshG9hv98WR,2021-04-16,za,South Africa
30,uLazi,Mr JazziQ,8007,https://open.spotify.com/track/52j3P6Wla1UVgG2aMCn6Sv,2021-04-16,za,South Africa
31,Mood (feat. iann dior),24kGoldn,8005,https://open.spotify.com/track/4jPy3l0RUwlUI9T5XHBW2m,2021-04-16,za,South Africa
32,Catalia,Junior De Rocka,7871,https://open.spotify.com/track/2PgDbeuhqT2vY6fOe15PDf,2021-04-16,za,South Africa
33,deja vu,Olivia Rodrigo,7637,https://open.spotify.com/track/61KpQadow081I2AsbeLcsb,2021-04-16,za,South Africa
34,Paradise (feat. Dermot Kennedy),MEDUZA,7623,https://open.spotify.com/track/6ft4hAq6yde8jPZY2i5zLr,2021-04-16,za,South Africa
35,What’s Next,Drake,7612,https://open.spotify.com/track/3aQem4jVGdhtg116TmJnHz,2021-04-16,za,South Africa
36,Anyone,Justin Bieber,7539,https://open.spotify.com/track/2WnAKZefdRHxtBEkRjFOHC,2021-04-16,za,South Africa
37,Came and Saw (feat. Rowdy Rebel),Young Stoner Life,7497,https://open.spotify.com/track/3GkEnNf2RWmdwkA2FfjQ3g,2021-04-16,za,South Africa
38,WITHOUT YOU,The Kid LAROI,7451,https://open.spotify.com/track/27OeeYzk6klgBh83TSvGMA,2021-04-16,za,South Africa
39,Nkulunkulu,Kamo Mphela,7310,https://open.spotify.com/track/0RBHBDEbEJiNBOHCUJvc2H,2021-04-16,za,South Africa
40,Goosebumps - Remix,Travis Scott,7249,https://open.spotify.com/track/5uEYRdEIh9Bo4fpjDd4Na9,2021-04-16,za,South Africa
41,"Lemonade (feat. Gunna, Don Toliver & NAV)",Internet Money,7192,https://open.spotify.com/track/7hxHWCCAIIxFLCzvDgnQHX,2021-04-16,za,South Africa
42,Someone You Loved,Lewis Capaldi,7183,https://open.spotify.com/track/7qEHsqek33rTcFNT9PFqLf,2021-04-16,za,South Africa
43,SummerYoMuthi,Blaq Diamond,7029,https://open.spotify.com/track/1jUn1Fnx0cptNd71CIBWiO,2021-04-16,za,South Africa
44,Isingisi,Semi Tee,6967,https://open.spotify.com/track/661C89rRG5698Nr7CzODjv,2021-04-16,za,South Africa
45,Sithi Sithi,Reece Madlisa,6885,https://open.spotify.com/track/1tRK9gkWkgKRb0zqM2qhMv,2021-04-16,za,South Africa
46,Slatty (feat. Yak Gotti & Lil Duke),Young Stoner Life,6870,https://open.spotify.com/track/0ky8syPEVEfD7qCxMTW49X,2021-04-16,za,South Africa
47,Wants and Needs (feat. Lil Baby),Drake,6693,https://open.spotify.com/track/65OVbaJR5O1RmwOQx0875b,2021-04-16,za,South Africa
48,Your Love (9PM),ATB,6632,https://open.spotify.com/track/5YaskwnGDZFDRipaqzbwQx,2021-04-16,za,South Africa
49,Proud of You (feat. Lil Uzi Vert & Yung Kayo),Young Stoner Life,6605,https://open.spotify.com/track/16eZmQoeajKH8G2nPe2chk,2021-04-16,za,South Africa
50,Best Friend (feat. Doja Cat),Saweetie,6566,https://open.spotify.com/track/2etHQJxIbV0soyPhelVs9Y,2021-04-16,za,South Africa
51,ROCKSTAR (feat. Roddy Ricch),DaBaby,6546,https://open.spotify.com/track/7ytR5pFWmSjzHJIeQkgog4,2021-04-16,za,South Africa
52,Samarian Boy,Musa Keys,6499,https://open.spotify.com/track/61P7fkM3YBSTGCrLBUaWKM,2021-04-16,za,South Africa
53,Hold On,Justin Bieber,6472,https://open.spotify.com/track/1nahzW3kfMuwReTka28tH5,2021-04-16,za,South Africa
54,Amaneighbour,Killer Kau,6385,https://open.spotify.com/track/0mOoPsb9xZTzFqKLLqvkjL,2021-04-16,za,South Africa
55,Superman,DJ Stokie,6363,https://open.spotify.com/track/6iKJIYuyGWZ1YTwee1FzBJ,2021-04-16,za,South Africa
56,Watermelon Sugar,Harry Styles,6282,https://open.spotify.com/track/6UelLqGlWMcVH1E5c4H7lY,2021-04-16,za,South Africa
57,Paid the Fine (feat. Lil Baby & YTB Trench),Young Stoner Life,6239,https://open.spotify.com/track/0GqaZ1L5KAXMNngAZbGvLf,2021-04-16,za,South Africa
58,Arcade,Duncan Laurence,6187,https://open.spotify.com/track/1J14CdDAvBTE1AJYUOwl6C,2021-04-16,za,South Africa
59,Heat Waves,Glass Animals,6131,https://open.spotify.com/track/02MWAaffLxlfxAUY7c5dvx,2021-04-16,za,South Africa
60,Mamela,Mi Casa,6070,https://open.spotify.com/track/3mnL4RKOwb5dlzCuaZjzPG,2021-04-16,za,South Africa
61,SDUDLA No Slenda,Busta 929,6006,https://open.spotify.com/track/1groeSjMBG69tC9PdY70H2,2021-04-16,za,South Africa
62,Good Days,SZA,5993,https://open.spotify.com/track/3YJJjQPAbDT7mGpX3WtQ9A,2021-04-16,za,South Africa
63,Runaway,AURORA,5870,https://open.spotify.com/track/1v1oIWf2Xgh54kIWuKsDf6,2021-04-16,za,South Africa
64,you broke me first,Tate McRae,5580,https://open.spotify.com/track/45bE4HXI0AwGZXfZtMp8JR,2021-04-16,za,South Africa
65,Breaking Me,Topic,5362,https://open.spotify.com/track/3H7ihDc1dqLriiWXwsc2po,2021-04-16,za,South Africa
66,Roses - Imanbek Remix,SAINt JHN,5353,https://open.spotify.com/track/0zLCBJZSiELJf02ucPP9wb,2021-04-16,za,South Africa
67,Emathandweni,Zandimaz,5299,https://open.spotify.com/track/7ixaxOUwMBj52zEx2rWXaF,2021-04-16,za,South Africa
68,Whoopty,CJ,5281,https://open.spotify.com/track/1t9WgS8FN0534tLBRwbaxO,2021-04-16,za,South Africa
69,Dinaledi,Major League Djz,5228,https://open.spotify.com/track/0kNOuZYnpu1RiQTWXUUzE8,2021-04-16,za,South Africa
70,telepatía,Kali Uchis,5220,https://open.spotify.com/track/6tDDoYIxWvMLTdKpjFkc1B,2021-04-16,za,South Africa
71,Lemon Pepper Freestyle (feat. Rick Ross),Drake,5081,https://open.spotify.com/track/4FRW5Nza1Ym91BGV4nFWXI,2021-04-16,za,South Africa
72,Ha Omorata - Vetkuk vs. Mahoota,Vetkuk,5072,https://open.spotify.com/track/4g0Nch5xEQDmY75cTaBRUk,2021-04-16,za,South Africa
73,French Kiss,DBN Gogo,5042,https://open.spotify.com/track/0AHgsr1MU73X7DX3sSBCPr,2021-04-16,za,South Africa
74,Laugh Now Cry Later (feat. Lil Durk),Drake,4925,https://open.spotify.com/track/2SAqBLGA283SUiwJ3xOUVI,2021-04-16,za,South Africa
75,HOLIDAY,Lil Nas X,4863,https://open.spotify.com/track/6zFMeegAMYQo0mt8rXtrli,2021-04-16,za,South Africa
76,Holy (feat. Chance The Rapper),Justin Bieber,4812,https://open.spotify.com/track/6Xgq7MvZiet0hVi3KaDSgJ,2021-04-16,za,South Africa
77,Don't Start Now,Dua Lipa,4714,https://open.spotify.com/track/3PfIrDoz19wz7qK7tYeu62,2021-04-16,za,South Africa
78,Beautiful Mistakes (feat. Megan Thee Stallion),Maroon 5,4711,https://open.spotify.com/track/6fRxMU4LWwyaSSowV441IU,2021-04-16,za,South Africa
79,What You Know Bout Love,Pop Smoke,4683,https://open.spotify.com/track/1tkg4EHVoqnhR6iFEXb60y,2021-04-16,za,South Africa
80,For The Night (feat. Lil Baby & DaBaby),Pop Smoke,4666,https://open.spotify.com/track/0PvFJmanyNQMseIFrU708S,2021-04-16,za,South Africa
81,Goosebumps,HVME,4629,https://open.spotify.com/track/20McUFi8KCIVdNDLrkTDuZ,2021-04-16,za,South Africa
82,Savage Love (Laxed - Siren Beat),Jawsh 685,4628,https://open.spotify.com/track/1xQ6trAsedVPCdbtDAmk0c,2021-04-16,za,South Africa
83,Beautiful People (feat. Khalid),Ed Sheeran,4603,https://open.spotify.com/track/70eFcWOvlMObDhURTqT4Fv,2021-04-16,za,South Africa
84,Vsop,Mr JazziQ,4578,https://open.spotify.com/track/3xUxyWVG35EwlIlf7Z4yJe,2021-04-16,za,South Africa
85,Dance Monkey,Tones And I,4577,https://open.spotify.com/track/1rgnBhdG2JDFTbYkYRZAku,2021-04-16,za,South Africa
86,Shallow,Lady Gaga,4564,https://open.spotify.com/track/2VxeLyX666F8uXCJ0dZF8B,2021-04-16,za,South Africa
87,Memories,Maroon 5,4557,https://open.spotify.com/track/2b8fOow8UzyDFAE27YhOZM,2021-04-16,za,South Africa
88,Circles,Post Malone,4541,https://open.spotify.com/track/21jGcNKet2qwijlDFuPiPb,2021-04-16,za,South Africa
89,Ama Number Ayi '10,Cassper Nyovest,4522,https://open.spotify.com/track/3WF2ToOE7IsAiCQzkwE8nH,2021-04-16,za,South Africa
90,Getting Late,Tyla,4492,https://open.spotify.com/track/7iPnbJ1W7wus9QqeBtpuII,2021-04-16,za,South Africa
91,Real (feat. Unfoonk),Young Stoner Life,4489,https://open.spotify.com/track/3kv3JzZg7Jq7vHmnMSYQ0r,2021-04-16,za,South Africa
92,Monate,Mr JazziQ,4439,https://open.spotify.com/track/1uTj9xpEtnBjvVdwg34crN,2021-04-16,za,South Africa
93,positions,Ariana Grande,4417,https://open.spotify.com/track/35mvY5S1H3J2QZyna3TFe0,2021-04-16,za,South Africa
94,Ekseni,Busta 929,4387,https://open.spotify.com/track/0XBI9nJMi8lC6BZN3mhLo6,2021-04-16,za,South Africa
95,POPSTAR (feat. Drake),DJ Khaled,4256,https://open.spotify.com/track/6EDO9iiTtwNv6waLwa1UUq,2021-04-16,za,South Africa
96,Wellerman - Sea Shanty / 220 KID x Billen Ted Remix,Nathan Evans,4254,https://open.spotify.com/track/3iw6V4LH7yPj1ESORX9RIN,2021-04-16,za,South Africa
97,Before You Go,Lewis Capaldi,4231,https://open.spotify.com/track/2gMXnyrvIjhVBUZwvLZDMP,2021-04-16,za,South Africa
98,Spontaan,Riaan Benadé,4221,https://open.spotify.com/track/5o9w9DqVf7w6AcGM4dDQfr,2021-04-16,za,South Africa
99,I Like (feat. Karlae & Coi Leray),Young Stoner Life,4218,https://open.spotify.com/track/1OuwfVcdn99T9SPBHaVTNn,2021-04-16,za,South Africa
100,Dior,Pop Smoke,4215,https://open.spotify.com/track/79s5XnCN4TJKTVMSmOx8Ep,2021-04-16,za,South Africa
101,Abekho Ready - Maplankeng Reshuffle,De Mthuda,4203,https://open.spotify.com/track/5hMRPijl4hm6jOnDhT5EbY,2021-04-16,za,South Africa
102,Wishing Well,Juice WRLD,4191,https://open.spotify.com/track/2U5WueTLIK5WJLD7mvDODv,2021-04-16,za,South Africa
103,BED,Joel Corry,4190,https://open.spotify.com/track/0siYMEsGrzzzlWLXK5zJfS,2021-04-16,za,South Africa
104,WAP (feat. Megan Thee Stallion),Cardi B,4135,https://open.spotify.com/track/4Oun2ylbjFKMPTiaSbbCih,2021-04-16,za,South Africa
105,"Warrior (feat. T-Shyne, Lil Keed & Big Sean)",Young Stoner Life,4091,https://open.spotify.com/track/6FA0vuJEewEY8EZ8ldzMR7,2021-04-16,za,South Africa
106,Ina Iyeza,Zain SA,4073,https://open.spotify.com/track/2VeRkDTAwqGFKrGXQnsWEY,2021-04-16,za,South Africa
107,Shay'mpempe amapiano mix,Muzzy D Pilot,4069,https://open.spotify.com/track/0ujzok2rT73GoZrokq5Wnc,2021-04-16,za,South Africa
108,WokStar (feat. Strick & Skepta),Young Stoner Life,4053,https://open.spotify.com/track/3qszL96xkQJVNyHb7px8li,2021-04-16,za,South Africa
109,Folasade,Kabza De Small,4045,https://open.spotify.com/track/0BQ7v33K5TDbawJXUVyaR4,2021-04-16,za,South Africa
110,uMsholozi,De Mthuda,4034,https://open.spotify.com/track/0gljB4tf7L1JztTaSBG3AN,2021-04-16,za,South Africa
111,Go Crazy,Chris Brown,3984,https://open.spotify.com/track/1IIKrJVP1C9N7iPtG6eOsK,2021-04-16,za,South Africa
112,Come & Go (with Marshmello),Juice WRLD,3946,https://open.spotify.com/track/2Y0wPrPQBrGhoLn14xRYCG,2021-04-16,za,South Africa
113,Met Him Last Night (feat. Ariana Grande),Demi Lovato,3894,https://open.spotify.com/track/4yyX2Iu4xJjW9xMvBZKSBi,2021-04-16,za,South Africa
114,Mang' Dakiwe (feat. Leon Lee),Dj Obza,3876,https://open.spotify.com/track/2uHImha8ZRh5gDQAsCzcle,2021-04-16,za,South Africa
115,Vrystaat Vlaktes,Reën,3841,https://open.spotify.com/track/6DbTFMOQARs5TDzKsMwYpn,2021-04-16,za,South Africa
116,Headshot (feat. Polo G & Fivio Foreign),Lil Tjay,3827,https://open.spotify.com/track/4eNOLmx8r2IJAVKvBBL1jv,2021-04-16,za,South Africa
117,Mood Swings (feat. Lil Tjay),Pop Smoke,3825,https://open.spotify.com/track/5rZlwNFl01HqLWBQGryKSm,2021-04-16,za,South Africa
118,Life Is Good (feat. Drake),Future,3801,https://open.spotify.com/track/1K5KBOgreBi5fkEHvg5ap3,2021-04-16,za,South Africa
119,We're Good,Dua Lipa,3783,https://open.spotify.com/track/1diS6nkxMQc3wwC4G1j0bh,2021-04-16,za,South Africa
120,Pots N Pans (feat. Lil Duke & NAV),Young Stoner Life,3746,https://open.spotify.com/track/17aAxnrJARm39LVoaaT97J,2021-04-16,za,South Africa
121,Chicago Freestyle (feat. Giveon),Drake,3735,https://open.spotify.com/track/4wVOKKEHUJxHCFFNUWDn0B,2021-04-16,za,South Africa
122,Lucid Dreams,Juice WRLD,3705,https://open.spotify.com/track/285pBltuF7vW8TeWk8hdRR,2021-04-16,za,South Africa
123,Gone Are The Days (feat. James Gillespie),Kygo,3690,https://open.spotify.com/track/1MGGLyAMVQo3T9gSEBJjyH,2021-04-16,za,South Africa
124,Don't Stop Believin',Journey,3687,https://open.spotify.com/track/4bHsxqR3GMrXTxEPLuK5ue,2021-04-16,za,South Africa
125,If the World Was Ending - feat. Julia Michaels,JP Saxe,3680,https://open.spotify.com/track/2kJwzbxV2ppxnQoYw4GLBZ,2021-04-16,za,South Africa
126,My Head & My Heart,Ava Max,3674,https://open.spotify.com/track/1KixkQVDUHggZMU9dUobgm,2021-04-16,za,South Africa
127,As I Am (feat. Khalid),Justin Bieber,3665,https://open.spotify.com/track/6F2r4HgpJnvKDmkN6JEN6J,2021-04-16,za,South Africa
128,Logan,Emtee,3655,https://open.spotify.com/track/5mhdV4sZBPbjK8EcNy2DWA,2021-04-16,za,South Africa
129,Cover Me In Sunshine,P!nk,3645,https://open.spotify.com/track/6Tio0ZoDeSQnI7EBAqWer2,2021-04-16,za,South Africa
130,Say You Won't Let Go,James Arthur,3640,https://open.spotify.com/track/5uCax9HTNlzGybIStD3vDh,2021-04-16,za,South Africa
131,Perfect,Ed Sheeran,3624,https://open.spotify.com/track/0tgVpDi06FyKpA1z0VMD4v,2021-04-16,za,South Africa
132,Blueberry Faygo,Lil Mosey,3623,https://open.spotify.com/track/22LAwLoDA5b4AaGSkg6bKW,2021-04-16,za,South Africa
133,Sunflower - Spider-Man: Into the Spider-Verse,Post Malone,3620,https://open.spotify.com/track/0RiRZpuVRbi7oqRdSMwhQY,2021-04-16,za,South Africa
134,lovely (with Khalid),Billie Eilish,3615,https://open.spotify.com/track/0u2P5u6lvoDfwTYjAADbn4,2021-04-16,za,South Africa
135,Lasting Lover,Sigala,3612,https://open.spotify.com/track/0DmAvNCAK08oCi7miSZUIY,2021-04-16,za,South Africa
136,Like I Want You,Giveon,3605,https://open.spotify.com/track/6qBFSepqLCuh5tehehc1bd,2021-04-16,za,South Africa
137,Bella Ciao,Tyler ICU,3600,https://open.spotify.com/track/3am2BKue6ewiBUxjkPEAQd,2021-04-16,za,South Africa
138,Run It Up (feat. Offset & Moneybagg Yo),Lil Tjay,3581,https://open.spotify.com/track/1dg3qy5DjoJodawfOCgrTP,2021-04-16,za,South Africa
139,Superstar (feat. Future),Young Stoner Life,3580,https://open.spotify.com/track/2RnpmGmVsvCBCb0d74O2N6,2021-04-16,za,South Africa
140,The Box,Roddy Ricch,3578,https://open.spotify.com/track/0nbXyq5TXYPCO7pr3N8S4I,2021-04-16,za,South Africa
141,Therefore I Am,Billie Eilish,3572,https://open.spotify.com/track/54bFM56PmE4YLRnqpW6Tha,2021-04-16,za,South Africa
142,Stuck On You,Giveon,3557,https://open.spotify.com/track/3LBM25IgxI9y549SiYxtSi,2021-04-16,za,South Africa
143,All of Me,John Legend,3525,https://open.spotify.com/track/3U4isOIWM3VvDubwSI3y7a,2021-04-16,za,South Africa
144,Lose Somebody,Kygo,3524,https://open.spotify.com/track/1sgDyuLooyvEML4oHspNza,2021-04-16,za,South Africa
145,Came Out (feat. Lil Keed),Young Stoner Life,3523,https://open.spotify.com/track/0DVIjaENXsZIVNVJGbUIGt,2021-04-16,za,South Africa
146,Into You (feat. Tamia) - Main Mix,Fabolous,3521,https://open.spotify.com/track/1Jm1I3APcmVz3MqPr5vfTx,2021-04-16,za,South Africa
147,Dynamite,BTS,3510,https://open.spotify.com/track/4saklk6nie3yiGePpBwUoc,2021-04-16,za,South Africa
148,No Guidance (feat. Drake),Chris Brown,3500,https://open.spotify.com/track/6XHVuErjQ4XNm6nDPVCxVX,2021-04-16,za,South Africa
149,Long Way,Emtee,3491,https://open.spotify.com/track/2LFLvtjsrNqSdTTEo0glWQ,2021-04-16,za,South Africa
150,"Whats Poppin (feat. DaBaby, Tory Lanez & Lil Wayne) [Remix] - Bonus Track",Jack Harlow,3479,https://open.spotify.com/track/0ZLuW8uOXdFNWcI40C0OC2,2021-04-16,za,South Africa
151,Sonop-Blom,Bernice West,3476,https://open.spotify.com/track/5knddE6reVlRTbrR62HJEd,2021-04-16,za,South Africa
152,Robbery,Juice WRLD,3459,https://open.spotify.com/track/6Hj9jySrnFppAI0sEMCZpJ,2021-04-16,za,South Africa
153,Hello (feat. A Boogie Wit da Hoodie),Pop Smoke,3447,https://open.spotify.com/track/2r6OAV3WsYtXuXjvJ1lIDi,2021-04-16,za,South Africa
154,Be Kind (with Halsey),Marshmello,3431,https://open.spotify.com/track/3Z8FwOEN59mRMxDCtb8N0A,2021-04-16,za,South Africa
155,When I See U,Fantasia,3382,https://open.spotify.com/track/4iuNZTcvT9diFySSzVsnVS,2021-04-16,za,South Africa
156,Take It To Trial (feat. Yak Gotti),Young Stoner Life,3382,https://open.spotify.com/track/2LRYaXXxkMrvSFyaSZHMPs,2021-04-16,za,South Africa
157,Higher Love,Kygo,3376,https://open.spotify.com/track/1kKYjjfNYxE0YYgLa7vgVY,2021-04-16,za,South Africa
158,Ntyilo Ntyilo,Rethabile Khumalo,3360,https://open.spotify.com/track/6c5QMGLY5awO4CbiTpdnAX,2021-04-16,za,South Africa
159,Señorita,Shawn Mendes,3341,https://open.spotify.com/track/6v3KW9xbzN5yKLt9YKDYA2,2021-04-16,za,South Africa
160,Uthando,Soa Mattrix,3314,https://open.spotify.com/track/5IvqTpprgCdj6dcw588MPZ,2021-04-16,za,South Africa
161,HIGHEST IN THE ROOM,Travis Scott,3309,https://open.spotify.com/track/3eekarcy7kvN4yt5ZFzltW,2021-04-16,za,South Africa
162,No Role Modelz,J. Cole,3301,https://open.spotify.com/track/62vpWI1CHwFy7tMIcSStl8,2021-04-16,za,South Africa
163,Ride It,Regard,3291,https://open.spotify.com/track/2tnVG71enUj33Ic2nFN6kZ,2021-04-16,za,South Africa
164,Best Part (feat. Daniel Caesar),H.E.R.,3287,https://open.spotify.com/track/4OBZT9EnhYIV17t4pGw7ig,2021-04-16,za,South Africa
165,Let Me Love You,Mario,3233,https://open.spotify.com/track/7GaFYUqP2WdR4KTPk7cXoP,2021-04-16,za,South Africa
166,Sure Thing,Miguel,3233,https://open.spotify.com/track/0JXXNGljqupsJaZsgSbMZV,2021-04-16,za,South Africa
167,Lose Control,MEDUZA,3229,https://open.spotify.com/track/7CHi4DtfK4heMlQaudCuHK,2021-04-16,za,South Africa
168,All Girls Are The Same,Juice WRLD,3229,https://open.spotify.com/track/4VXIryQMWpIdGgYR4TrjT1,2021-04-16,za,South Africa
169,Take You Dancing,Jason Derulo,3205,https://open.spotify.com/track/59qrUpoplZxbIZxk6X0Bm3,2021-04-16,za,South Africa
170,Martin & Gina,Polo G,3188,https://open.spotify.com/track/1VLtjHwRWOVJiE5Py7JxoQ,2021-04-16,za,South Africa
171,GREECE (feat. Drake),DJ Khaled,3170,https://open.spotify.com/track/35RJhm1pEovTBwnNR0zWad,2021-04-16,za,South Africa
172,Ringo,DJ Jawz,3157,https://open.spotify.com/track/1aaqdyhF0ibwMb7oWg1HQc,2021-04-16,za,South Africa
173,Summer Of '69,Bryan Adams,3152,https://open.spotify.com/track/6N1EjQjnvhOjFrF6oUmGPa,2021-04-16,za,South Africa
174,Be Alright,Dean Lewis,3134,https://open.spotify.com/track/5qrSlOut2rNAWv3ubArkNy,2021-04-16,za,South Africa
175,iThemba,Emtee,3130,https://open.spotify.com/track/11ZLemM4mjNDNuY1ZfZXiX,2021-04-16,za,South Africa
176,"Amanikiniki (feat. Major League Djz, Kamo Mphela & Bontle Smith)",Mfr Souls,3113,https://open.spotify.com/track/7cVgVA4VO6EaVWvKZGQF9m,2021-04-16,za,South Africa
177,goosebumps,Travis Scott,3110,https://open.spotify.com/track/6gBFPUFcJLzWGx4lenP6h2,2021-04-16,za,South Africa
178,Youngblood,5 Seconds of Summer,3099,https://open.spotify.com/track/2iUXsYOEPhVqEBwsqP70rE,2021-04-16,za,South Africa
179,Jocelyn Flores,XXXTENTACION,3083,https://open.spotify.com/track/7m9OqQk4RVRkw9JJdeAw96,2021-04-16,za,South Africa
180,You,Regard,3071,https://open.spotify.com/track/2cc8Sw1OnCuA5bV8nqWqpE,2021-04-16,za,South Africa
181,"Really Be Slime (feat. YNW Melly, Bslime & FN Da Dealer)",Young Stoner Life,3041,https://open.spotify.com/track/7BjDcHQ6aKuVDjfiNFzk3I,2021-04-16,za,South Africa
182,Something Just Like This,The Chainsmokers,3041,https://open.spotify.com/track/6RUKPb4LETWmmr3iAEQktW,2021-04-16,za,South Africa
183,Lonely (with benny blanco),Justin Bieber,3037,https://open.spotify.com/track/3S8jK1mGzQi24ilFb45DAZ,2021-04-16,za,South Africa
184,Sweater Weather,The Neighbourhood,3027,https://open.spotify.com/track/2QjOHCTQ1Jl3zawyYOpxh6,2021-04-16,za,South Africa
185,34+35,Ariana Grande,3025,https://open.spotify.com/track/6Im9k8u9iIzKMrmV7BWtlF,2021-04-16,za,South Africa
186,I Don't Care (with Justin Bieber),Ed Sheeran,3024,https://open.spotify.com/track/0hVXuCcriWRGvwMV1r5Yn9,2021-04-16,za,South Africa
187,2002,Anne-Marie,3017,https://open.spotify.com/track/2BgEsaKNfHUdlh97KmvFyo,2021-04-16,za,South Africa
188,Moon Man (feat. Strick & Kid Cudi),Young Stoner Life,3000,https://open.spotify.com/track/5hTVyxGfOKyBYhY8fgIIzT,2021-04-16,za,South Africa
189,Africa,TOTO,2997,https://open.spotify.com/track/2374M0fQpWi3dLnB54qaLX,2021-04-16,za,South Africa
190,The Hills,The Weeknd,2985,https://open.spotify.com/track/7fBv7CLKzipRk6EC6TWHOB,2021-04-16,za,South Africa
191,death bed (coffee for your head),Powfu,2970,https://open.spotify.com/track/7eJMfftS33KTjuF7lTsMCx,2021-04-16,za,South Africa
192,The Whistling Man,Blaqnick,2970,https://open.spotify.com/track/1z8jxUh4zX5ieWFMn3NWG8,2021-04-16,za,South Africa
193,Body,Russ Millions,2966,https://open.spotify.com/track/3CVb6hkMrlF7eHhXi5B3PZ,2021-04-16,za,South Africa
194,Shape of You,Ed Sheeran,2954,https://open.spotify.com/track/7qiZfU4dY1lWllzX7mPBI3,2021-04-16,za,South Africa
195,S'bali,Intaba Yase Dubai,2953,https://open.spotify.com/track/3iCc4j2qlTvUmsVAtjpx2H,2021-04-16,za,South Africa
196,Every Breath You Take,The Police,2953,https://open.spotify.com/track/1JSTJqkT5qHq8MDJnJbRE1,2021-04-16,za,South Africa
197,you my baby,SHELOVESKAMO,2943,https://open.spotify.com/track/03xoNiEjS4FfKo5685cMyJ,2021-04-16,za,South Africa
198,Fly Away,Tones And I,2941,https://open.spotify.com/track/5ri4zqtWhG07hIuNNDWP76,2021-04-16,za,South Africa
199,Mr. Perfectly Fine (Taylor’s Version) (From The Vault),Taylor Swift,2934,https://open.spotify.com/track/2CYVETnhM9aytqrazYYwrK,2021-04-16,za,South Africa
200,What Other People Say,Sam Fischer,2919,https://open.spotify.com/track/2h9TDNEXRhcDIV3fsoEVq9,2021-04-16,za,South Africa
1,RAPSTAR,Polo G,2279860,https://open.spotify.com/track/43PGPuHIlVOc04jrZVh9L6,2021-04-16,us,United States
2,MONTERO (Call Me By Your Name),Lil Nas X,1742541,https://open.spotify.com/track/67BtfxlNbhBmCDR2L2l8qd,2021-04-16,us,United States
3,Solid (feat. Drake),Young Stoner Life,1643152,https://open.spotify.com/track/6rTInqW3YECMkQsBEHw4sd,2021-04-16,us,United States
4,Peaches (feat. Daniel Caesar & Giveon),Justin Bieber,1488977,https://open.spotify.com/track/4iJyoBOLtHqaGxP12qzhQI,2021-04-16,us,United States
5,deja vu,Olivia Rodrigo,1414479,https://open.spotify.com/track/61KpQadow081I2AsbeLcsb,2021-04-16,us,United States
6,Kiss Me More (feat. SZA),Doja Cat,1396700,https://open.spotify.com/track/748mdHapucXQri7IAO8yFK,2021-04-16,us,United States
7,Levitating (feat. DaBaby),Dua Lipa,1140303,https://open.spotify.com/track/5nujrmhLynf4yMoMtj8AQF,2021-04-16,us,United States
8,Diamonds Dancing (feat. Travis Scott),Young Stoner Life,1081458,https://open.spotify.com/track/7uZqvqXzzYMKrexKxdcGmd,2021-04-16,us,United States
9,Astronaut In The Ocean,Masked Wolf,1000133,https://open.spotify.com/track/3VT8hOC5vuDXBsHrR53WFh,2021-04-16,us,United States
10,Ski,Young Stoner Life,983162,https://open.spotify.com/track/6755DFiZ7CWe2WMdTGW5C1,2021-04-16,us,United States
11,Heartbreak Anniversary,Giveon,950623,https://open.spotify.com/track/3FAJ6O0NOHQV8Mc5Ri6ENp,2021-04-16,us,United States
12,Up,Cardi B,903911,https://open.spotify.com/track/1M4OcYkxAtu3ErzSgDEfoi,2021-04-16,us,United States
13,Proud of You (feat. Lil Uzi Vert & Yung Kayo),Young Stoner Life,891262,https://open.spotify.com/track/16eZmQoeajKH8G2nPe2chk,2021-04-16,us,United States
14,Leave The Door Open,Bruno Mars,848684,https://open.spotify.com/track/7MAibcTli4IisCtbHKrGMh,2021-04-16,us,United States
15,Calling My Phone,Lil Tjay,828141,https://open.spotify.com/track/3J8EOeKLTLXORtWPpOU5bE,2021-04-16,us,United States
16,drivers license,Olivia Rodrigo,774810,https://open.spotify.com/track/7lPN2DXiMsVn7XUKtOW1CS,2021-04-16,us,United States
17,Wants and Needs (feat. Lil Baby),Drake,763834,https://open.spotify.com/track/65OVbaJR5O1RmwOQx0875b,2021-04-16,us,United States
18,telepatía,Kali Uchis,745802,https://open.spotify.com/track/6tDDoYIxWvMLTdKpjFkc1B,2021-04-16,us,United States
19,Save Your Tears,The Weeknd,713518,https://open.spotify.com/track/5QO79kh1waicV47BqGRL3g,2021-04-16,us,United States
20,DÁKITI,Bad Bunny,708433,https://open.spotify.com/track/4MzXwWMhyBbmu6hOcLVD49,2021-04-16,us,United States
21,Heat Waves,Glass Animals,696659,https://open.spotify.com/track/02MWAaffLxlfxAUY7c5dvx,2021-04-16,us,United States
22,Came and Saw (feat. Rowdy Rebel),Young Stoner Life,687333,https://open.spotify.com/track/3GkEnNf2RWmdwkA2FfjQ3g,2021-04-16,us,United States
23,Streets,Doja Cat,683839,https://open.spotify.com/track/60ynsPSSKe6O3sfwRnIBRf,2021-04-16,us,United States
24,Mr. Perfectly Fine (Taylor’s Version) (From The Vault),Taylor Swift,681614,https://open.spotify.com/track/2CYVETnhM9aytqrazYYwrK,2021-04-16,us,United States
25,Good Days,SZA,678715,https://open.spotify.com/track/3YJJjQPAbDT7mGpX3WtQ9A,2021-04-16,us,United States
26,Best Friend (feat. Doja Cat),Saweetie,678254,https://open.spotify.com/track/2etHQJxIbV0soyPhelVs9Y,2021-04-16,us,United States
27,What’s Next,Drake,666982,https://open.spotify.com/track/3aQem4jVGdhtg116TmJnHz,2021-04-16,us,United States
28,Slatty (feat. Yak Gotti & Lil Duke),Young Stoner Life,656776,https://open.spotify.com/track/0ky8syPEVEfD7qCxMTW49X,2021-04-16,us,United States
29,Headshot (feat. Polo G & Fivio Foreign),Lil Tjay,622284,https://open.spotify.com/track/4eNOLmx8r2IJAVKvBBL1jv,2021-04-16,us,United States
30,Back In Blood (feat. Lil Durk),Pooh Shiesty,615850,https://open.spotify.com/track/7FGdjbZ32vMybPuP0IuE7d,2021-04-16,us,United States
31,Paid the Fine (feat. Lil Baby & YTB Trench),Young Stoner Life,600496,https://open.spotify.com/track/0GqaZ1L5KAXMNngAZbGvLf,2021-04-16,us,United States
32,Blinding Lights,The Weeknd,563120,https://open.spotify.com/track/0VjIjW4GlUZAMYd2vXMi3b,2021-04-16,us,United States
33,Hold On,Justin Bieber,558981,https://open.spotify.com/track/1nahzW3kfMuwReTka28tH5,2021-04-16,us,United States
34,Martin & Gina,Polo G,508081,https://open.spotify.com/track/1VLtjHwRWOVJiE5Py7JxoQ,2021-04-16,us,United States
35,WITHOUT YOU,The Kid LAROI,507883,https://open.spotify.com/track/27OeeYzk6klgBh83TSvGMA,2021-04-16,us,United States
36,Mood (feat. iann dior),24kGoldn,501048,https://open.spotify.com/track/4jPy3l0RUwlUI9T5XHBW2m,2021-04-16,us,United States
37,Run It Up (feat. Offset & Moneybagg Yo),Lil Tjay,491337,https://open.spotify.com/track/1dg3qy5DjoJodawfOCgrTP,2021-04-16,us,United States
38,Beautiful Mistakes (feat. Megan Thee Stallion),Maroon 5,466197,https://open.spotify.com/track/6fRxMU4LWwyaSSowV441IU,2021-04-16,us,United States
39,On Me,Lil Baby,455554,https://open.spotify.com/track/4Iedi94TIaB2GGb1nMB68v,2021-04-16,us,United States
40,Sweater Weather,The Neighbourhood,443313,https://open.spotify.com/track/2QjOHCTQ1Jl3zawyYOpxh6,2021-04-16,us,United States
41,Real (feat. Unfoonk),Young Stoner Life,442716,https://open.spotify.com/track/3kv3JzZg7Jq7vHmnMSYQ0r,2021-04-16,us,United States
42,Met Him Last Night (feat. Ariana Grande),Demi Lovato,442124,https://open.spotify.com/track/4yyX2Iu4xJjW9xMvBZKSBi,2021-04-16,us,United States
43,my ex's best friend (with blackbear),Machine Gun Kelly,431079,https://open.spotify.com/track/7kDUspsoYfLkWnZR7qwHZl,2021-04-16,us,United States
44,"Lemonade (feat. Gunna, Don Toliver & NAV)",Internet Money,430689,https://open.spotify.com/track/7hxHWCCAIIxFLCzvDgnQHX,2021-04-16,us,United States
45,Richer (feat. Polo G),Rod Wave,429315,https://open.spotify.com/track/7HsjuVBM93Z2RoxjpWLgTT,2021-04-16,us,United States
46,Goosebumps - Remix,Travis Scott,421186,https://open.spotify.com/track/5uEYRdEIh9Bo4fpjDd4Na9,2021-04-16,us,United States
47,Pots N Pans (feat. Lil Duke & NAV),Young Stoner Life,412793,https://open.spotify.com/track/17aAxnrJARm39LVoaaT97J,2021-04-16,us,United States
48,For The Night (feat. Lil Baby & DaBaby),Pop Smoke,407967,https://open.spotify.com/track/0PvFJmanyNQMseIFrU708S,2021-04-16,us,United States
49,ROCKSTAR (feat. Roddy Ricch),DaBaby,407521,https://open.spotify.com/track/7ytR5pFWmSjzHJIeQkgog4,2021-04-16,us,United States
50,WAP (feat. Megan Thee Stallion),Cardi B,399000,https://open.spotify.com/track/4Oun2ylbjFKMPTiaSbbCih,2021-04-16,us,United States
51,Beat Box 3 (feat. DaBaby),SpotemGottem,398149,https://open.spotify.com/track/6toQdWWc4noiOk3Eo5mVDS,2021-04-16,us,United States
52,shots in the dark,iann dior,395138,https://open.spotify.com/track/6e7jXXhVt7lOj07fffOdJl,2021-04-16,us,United States
53,Love Story (Taylor’s Version),Taylor Swift,393014,https://open.spotify.com/track/6YvqWjhGD8mB5QXcbcUKtx,2021-04-16,us,United States
54,Laugh Now Cry Later (feat. Lil Durk),Drake,389232,https://open.spotify.com/track/2SAqBLGA283SUiwJ3xOUVI,2021-04-16,us,United States
55,Anyone,Justin Bieber,387602,https://open.spotify.com/track/2WnAKZefdRHxtBEkRjFOHC,2021-04-16,us,United States
56,Superstar (feat. Future),Young Stoner Life,386455,https://open.spotify.com/track/2RnpmGmVsvCBCb0d74O2N6,2021-04-16,us,United States
57,What You Know Bout Love,Pop Smoke,386369,https://open.spotify.com/track/1tkg4EHVoqnhR6iFEXb60y,2021-04-16,us,United States
58,Cloud 9,Beach Bunny,383216,https://open.spotify.com/track/6vFsBXYczYsP0H3lgunZOm,2021-04-16,us,United States
59,LA NOCHE DE ANOCHE,Bad Bunny,381317,https://open.spotify.com/track/2XIc1pqjXV3Cr2BQUGNBck,2021-04-16,us,United States
60,34+35,Ariana Grande,380388,https://open.spotify.com/track/6Im9k8u9iIzKMrmV7BWtlF,2021-04-16,us,United States
61,Runaway,AURORA,380200,https://open.spotify.com/track/1v1oIWf2Xgh54kIWuKsDf6,2021-04-16,us,United States
62,"Warrior (feat. T-Shyne, Lil Keed & Big Sean)",Young Stoner Life,376685,https://open.spotify.com/track/6FA0vuJEewEY8EZ8ldzMR7,2021-04-16,us,United States
63,I Like (feat. Karlae & Coi Leray),Young Stoner Life,371963,https://open.spotify.com/track/1OuwfVcdn99T9SPBHaVTNn,2021-04-16,us,United States
64,Sunflower - Spider-Man: Into the Spider-Verse,Post Malone,371199,https://open.spotify.com/track/0RiRZpuVRbi7oqRdSMwhQY,2021-04-16,us,United States
65,You,Regard,370069,https://open.spotify.com/track/2cc8Sw1OnCuA5bV8nqWqpE,2021-04-16,us,United States
66,Came Out (feat. Lil Keed),Young Stoner Life,367210,https://open.spotify.com/track/0DVIjaENXsZIVNVJGbUIGt,2021-04-16,us,United States
67,4 Da Gang (with Roddy Ricch),42 Dugg,364448,https://open.spotify.com/track/4KIkADzoVm3A10E9qyjsQ5,2021-04-16,us,United States
68,Holy (feat. Chance The Rapper),Justin Bieber,363121,https://open.spotify.com/track/6Xgq7MvZiet0hVi3KaDSgJ,2021-04-16,us,United States
69,you broke me first,Tate McRae,362607,https://open.spotify.com/track/45bE4HXI0AwGZXfZtMp8JR,2021-04-16,us,United States
70,All Girls Are The Same,Juice WRLD,361538,https://open.spotify.com/track/4VXIryQMWpIdGgYR4TrjT1,2021-04-16,us,United States
71,As I Am (feat. Khalid),Justin Bieber,361033,https://open.spotify.com/track/6F2r4HgpJnvKDmkN6JEN6J,2021-04-16,us,United States
72,Circles,Post Malone,354896,https://open.spotify.com/track/21jGcNKet2qwijlDFuPiPb,2021-04-16,us,United States
73,Wishing Well,Juice WRLD,351870,https://open.spotify.com/track/2U5WueTLIK5WJLD7mvDODv,2021-04-16,us,United States
74,positions,Ariana Grande,351419,https://open.spotify.com/track/35mvY5S1H3J2QZyna3TFe0,2021-04-16,us,United States
75,Whoopty,CJ,350417,https://open.spotify.com/track/1t9WgS8FN0534tLBRwbaxO,2021-04-16,us,United States
76,Watermelon Sugar,Harry Styles,350201,https://open.spotify.com/track/6UelLqGlWMcVH1E5c4H7lY,2021-04-16,us,United States
77,Come & Go (with Marshmello),Juice WRLD,346999,https://open.spotify.com/track/2Y0wPrPQBrGhoLn14xRYCG,2021-04-16,us,United States
78,Arcade,Duncan Laurence,346806,https://open.spotify.com/track/1J14CdDAvBTE1AJYUOwl6C,2021-04-16,us,United States
79,Fiel,Los Legendarios,346614,https://open.spotify.com/track/7Bk0uXKk1uPT0XuQbpFzvs,2021-04-16,us,United States
80,Lucid Dreams,Juice WRLD,343979,https://open.spotify.com/track/285pBltuF7vW8TeWk8hdRR,2021-04-16,us,United States
81,"Whats Poppin (feat. DaBaby, Tory Lanez & Lil Wayne) [Remix] - Bonus Track",Jack Harlow,343735,https://open.spotify.com/track/0ZLuW8uOXdFNWcI40C0OC2,2021-04-16,us,United States
82,We're Good,Dua Lipa,343667,https://open.spotify.com/track/1diS6nkxMQc3wwC4G1j0bh,2021-04-16,us,United States
83,NEW PROFILE PIC,$uicideboy$,341814,https://open.spotify.com/track/1gyRKqGojB0xbiommbjN32,2021-04-16,us,United States
84,WokStar (feat. Strick & Skepta),Young Stoner Life,341264,https://open.spotify.com/track/3qszL96xkQJVNyHb7px8li,2021-04-16,us,United States
85,Forever After All,Luke Combs,340622,https://open.spotify.com/track/6IBcOGPsniK3Pso1wHIhew,2021-04-16,us,United States
86,Take It To Trial (feat. Yak Gotti),Young Stoner Life,337649,https://open.spotify.com/track/2LRYaXXxkMrvSFyaSZHMPs,2021-04-16,us,United States
87,Cupid's Chokehold / Breakfast in America,Gym Class Heroes,337136,https://open.spotify.com/track/2Lhdl74nwwVGOE2Gv35QuK,2021-04-16,us,United States
88,Therefore I Am,Billie Eilish,335909,https://open.spotify.com/track/54bFM56PmE4YLRnqpW6Tha,2021-04-16,us,United States
89,Tombstone,Rod Wave,334405,https://open.spotify.com/track/5pRTz4O2qOkr5nawemy6Wb,2021-04-16,us,United States
90,Talking to the Moon,Bruno Mars,332818,https://open.spotify.com/track/161DnLWsx1i3u1JT05lzqU,2021-04-16,us,United States
91,Time Today,Moneybagg Yo,332748,https://open.spotify.com/track/2bo0HCDcZj8BYjoht9zYgk,2021-04-16,us,United States
92,Shy Away,Twenty One Pilots,332187,https://open.spotify.com/track/2z0IupRlVRlDN5r2IVqHyN,2021-04-16,us,United States
93,Moon Man (feat. Strick & Kid Cudi),Young Stoner Life,331370,https://open.spotify.com/track/5hTVyxGfOKyBYhY8fgIIzT,2021-04-16,us,United States
94,Blueberry Faygo,Lil Mosey,330402,https://open.spotify.com/track/22LAwLoDA5b4AaGSkg6bKW,2021-04-16,us,United States
95,"Really Be Slime (feat. YNW Melly, Bslime & FN Da Dealer)",Young Stoner Life,330353,https://open.spotify.com/track/7BjDcHQ6aKuVDjfiNFzk3I,2021-04-16,us,United States
96,Someone You Loved,Lewis Capaldi,329781,https://open.spotify.com/track/7qEHsqek33rTcFNT9PFqLf,2021-04-16,us,United States
97,No Role Modelz,J. Cole,326176,https://open.spotify.com/track/62vpWI1CHwFy7tMIcSStl8,2021-04-16,us,United States
98,Dreams - 2004 Remaster,Fleetwood Mac,322460,https://open.spotify.com/track/0ofHAoxe9vBkTCp2UQIavz,2021-04-16,us,United States
99,21,Polo G,319762,https://open.spotify.com/track/3JKgcAa7r07ocVWcV8bS0H,2021-04-16,us,United States
100,Don't Start Now,Dua Lipa,317901,https://open.spotify.com/track/3PfIrDoz19wz7qK7tYeu62,2021-04-16,us,United States
101,The Business,Tiësto,317404,https://open.spotify.com/track/6f3Slt0GbA2bPZlz0aIFXN,2021-04-16,us,United States
102,Bang!,AJR,315224,https://open.spotify.com/track/5FQPpxOXsvkMN6v18gtpwY,2021-04-16,us,United States
103,Gone Are The Days (feat. James Gillespie),Kygo,315217,https://open.spotify.com/track/1MGGLyAMVQo3T9gSEBJjyH,2021-04-16,us,United States
104,Wasted On You,Morgan Wallen,311623,https://open.spotify.com/track/3cBsEDNhFI9E82vPj3kvi3,2021-04-16,us,United States
105,Robbery,Juice WRLD,310632,https://open.spotify.com/track/6Hj9jySrnFppAI0sEMCZpJ,2021-04-16,us,United States
106,Daddy Issues,The Neighbourhood,310442,https://open.spotify.com/track/5E30LdtzQTGqRvNd7l6kG5,2021-04-16,us,United States
107,The Box,Roddy Ricch,306447,https://open.spotify.com/track/0nbXyq5TXYPCO7pr3N8S4I,2021-04-16,us,United States
108,GO! (with BIG30),Moneybagg Yo,304622,https://open.spotify.com/track/4VYKA63F2fcQnsvfWUpzn9,2021-04-16,us,United States
109,You All Over Me (feat. Maren Morris) (Taylor’s Version) (From The Vault),Taylor Swift,303293,https://open.spotify.com/track/4CHpVfAhuxNJ3ibExe6kxO,2021-04-16,us,United States
110,Heather,Conan Gray,300266,https://open.spotify.com/track/4xqrdfXkTW4T0RauPLv3WA,2021-04-16,us,United States
111,Track Star,Mooski,298772,https://open.spotify.com/track/5hChuUMe5iHfjkXgzj1D4b,2021-04-16,us,United States
112,Body,Megan Thee Stallion,295579,https://open.spotify.com/track/0A1hoCfMLkiAgvhWkkucJa,2021-04-16,us,United States
113,Otra Noche Sin Ti,J Balvin,292834,https://open.spotify.com/track/2CdTLdDjwZdVcm0bresVWx,2021-04-16,us,United States
114,Electric Love,BØRNS,291490,https://open.spotify.com/track/2GiJYvgVaD2HtM8GqD9EgQ,2021-04-16,us,United States
115,goosebumps,Travis Scott,289661,https://open.spotify.com/track/6gBFPUFcJLzWGx4lenP6h2,2021-04-16,us,United States
116,Big Gangsta,Kevin Gates,288625,https://open.spotify.com/track/03ERnTvSV5fy8WAyvA4uNP,2021-04-16,us,United States
117,TE MUDASTE,Bad Bunny,288084,https://open.spotify.com/track/5RubKOuDoPn5Kj5TLVxSxY,2021-04-16,us,United States
118,Life Is Good (feat. Drake),Future,286991,https://open.spotify.com/track/1K5KBOgreBi5fkEHvg5ap3,2021-04-16,us,United States
119,Opp Stoppa (feat. 21 Savage),YBN Nahmir,283702,https://open.spotify.com/track/78p1rF7xx1snnaKxtUzBHn,2021-04-16,us,United States
120,Street Runner,Rod Wave,281400,https://open.spotify.com/track/3JYxIozjRsvEmHrIvfFhud,2021-04-16,us,United States
121,hot girl bummer,blackbear,278548,https://open.spotify.com/track/2mt1IqcFyY1zmYZT8Q3xw9,2021-04-16,us,United States
122,Mr. Brightside,The Killers,278341,https://open.spotify.com/track/003vvx7Niy0yvhvHt4a68B,2021-04-16,us,United States
123,Put Your Records On,Ritt Momney,277475,https://open.spotify.com/track/6AGOKlMZWLCaEJGnaROtF9,2021-04-16,us,United States
124,LA CANCIÓN,J Balvin,275508,https://open.spotify.com/track/0fea68AdmYNygeTGI4RC18,2021-04-16,us,United States
125,Slumber Party (feat. Princess Nokia),Ashnikko,273551,https://open.spotify.com/track/11ZulcYY4lowvcQm4oe3VJ,2021-04-16,us,United States
126,SLOW DANCING IN THE DARK,Joji,273271,https://open.spotify.com/track/0rKtyWc8bvkriBthvHKY8d,2021-04-16,us,United States
127,20 Min,Lil Uzi Vert,270826,https://open.spotify.com/track/0uxSUdBrJy9Un0EYoBowng,2021-04-16,us,United States
128,Whiskey Glasses,Morgan Wallen,269691,https://open.spotify.com/track/6foY66mWZN0pSRjZ408c00,2021-04-16,us,United States
129,Fearless (Taylor’s Version),Taylor Swift,269240,https://open.spotify.com/track/77sMIMlNaSURUAXq5coCxE,2021-04-16,us,United States
130,Real As It Gets (feat. EST Gee),Lil Baby,267535,https://open.spotify.com/track/7eX3um6NpOQKWJMGCi97XD,2021-04-16,us,United States
131,Starting Over,Chris Stapleton,267140,https://open.spotify.com/track/3K07bGe8iljQ3mOKArHLDo,2021-04-16,us,United States
132,Tyler Herro,Jack Harlow,265297,https://open.spotify.com/track/3w1WjD2zJqjBjDz5fwqQPJ,2021-04-16,us,United States
133,Before You Go,Lewis Capaldi,264989,https://open.spotify.com/track/2gMXnyrvIjhVBUZwvLZDMP,2021-04-16,us,United States
134,You Belong With Me (Taylor’s Version),Taylor Swift,263879,https://open.spotify.com/track/1qrpoAMXodY6895hGKoUpA,2021-04-16,us,United States
135,Tongue Tied,Grouplove,263204,https://open.spotify.com/track/0GO8y8jQk1PkHzS31d699N,2021-04-16,us,United States
136,Lemon Pepper Freestyle (feat. Rick Ross),Drake,262839,https://open.spotify.com/track/4FRW5Nza1Ym91BGV4nFWXI,2021-04-16,us,United States
137,BOP,DaBaby,261780,https://open.spotify.com/track/6Ozh9Ok6h4Oi1wUSLtBseN,2021-04-16,us,United States
138,The Hills,The Weeknd,261399,https://open.spotify.com/track/7fBv7CLKzipRk6EC6TWHOB,2021-04-16,us,United States
139,Dior,Pop Smoke,260576,https://open.spotify.com/track/79s5XnCN4TJKTVMSmOx8Ep,2021-04-16,us,United States
140,Cry Baby (feat. DaBaby),Megan Thee Stallion,259365,https://open.spotify.com/track/4aarlAfLKVCTxUDNgbwhjH,2021-04-16,us,United States
141,Jocelyn Flores,XXXTENTACION,258593,https://open.spotify.com/track/7m9OqQk4RVRkw9JJdeAw96,2021-04-16,us,United States
142,Adore You,Harry Styles,256057,https://open.spotify.com/track/3jjujdWJ72nww5eGnfs2E7,2021-04-16,us,United States
143,Company (feat. Future),24kGoldn,255005,https://open.spotify.com/track/3JVTsvTldB6arHVlmxmTnM,2021-04-16,us,United States
144,My Head & My Heart,Ava Max,254213,https://open.spotify.com/track/1KixkQVDUHggZMU9dUobgm,2021-04-16,us,United States
145,The Way I Loved You (Taylor’s Version),Taylor Swift,253894,https://open.spotify.com/track/22bPsP2jCgbLUvh82U0Z3M,2021-04-16,us,United States
146,More Than My Hometown,Morgan Wallen,253871,https://open.spotify.com/track/5OELUCYgOHKFAvCERnAvfS,2021-04-16,us,United States
147,Sand In My Boots,Morgan Wallen,253699,https://open.spotify.com/track/0uRrG2jRR5tuifsYIJHEao,2021-04-16,us,United States
148,POPSTAR (feat. Drake),DJ Khaled,252313,https://open.spotify.com/track/6EDO9iiTtwNv6waLwa1UUq,2021-04-16,us,United States
149,HOLIDAY,Lil Nas X,252149,https://open.spotify.com/track/6zFMeegAMYQo0mt8rXtrli,2021-04-16,us,United States
150,The Good Ones,Gabby Barrett,251991,https://open.spotify.com/track/3hLuHKzG1cmlRpq53ZVWd8,2021-04-16,us,United States
151,Pop Out (feat. Lil Tjay),Polo G,251202,https://open.spotify.com/track/6uFn47ACjqYkc0jADwEdj1,2021-04-16,us,United States
152,Hello (feat. A Boogie Wit da Hoodie),Pop Smoke,250374,https://open.spotify.com/track/2r6OAV3WsYtXuXjvJ1lIDi,2021-04-16,us,United States
153,Godzilla (feat. Juice WRLD),Eminem,248691,https://open.spotify.com/track/7FIWs0pqAYbP91WWM0vlTQ,2021-04-16,us,United States
154,That Go! (feat. T-Shyne),Young Stoner Life,247931,https://open.spotify.com/track/6rUmUJ2drFemHTH73bFAKQ,2021-04-16,us,United States
155,XO Tour Llif3,Lil Uzi Vert,246436,https://open.spotify.com/track/7GX5flRQZVHRAGd6B4TmDO,2021-04-16,us,United States
156,Lonely (with benny blanco),Justin Bieber,246129,https://open.spotify.com/track/3S8jK1mGzQi24ilFb45DAZ,2021-04-16,us,United States
157,lovely (with Khalid),Billie Eilish,245256,https://open.spotify.com/track/0u2P5u6lvoDfwTYjAADbn4,2021-04-16,us,United States
158,Are You Bored Yet? (feat. Clairo),Wallows,244369,https://open.spotify.com/track/57RA3JGafJm5zRtKJiKPIm,2021-04-16,us,United States
159,Go Crazy,Chris Brown,244173,https://open.spotify.com/track/1IIKrJVP1C9N7iPtG6eOsK,2021-04-16,us,United States
160,MIDDLE CHILD,J. Cole,241884,https://open.spotify.com/track/2JvzF1RMd7lE3KmFlsyZD8,2021-04-16,us,United States
161,death bed (coffee for your head),Powfu,241788,https://open.spotify.com/track/7eJMfftS33KTjuF7lTsMCx,2021-04-16,us,United States
162,Beautiful Crazy,Luke Combs,241763,https://open.spotify.com/track/2rxQMGVafnNaRaXlRMWPde,2021-04-16,us,United States
163,The Spins,Mac Miller,240153,https://open.spotify.com/track/51pshtuYkgUQnt5huMPbKL,2021-04-16,us,United States
164,Bad Boy (with Young Thug),Juice WRLD,240153,https://open.spotify.com/track/43CIWpJaJHRcI4mUSjqgc2,2021-04-16,us,United States
165,The Less I Know The Better,Tame Impala,238757,https://open.spotify.com/track/6K4t31amVTZDgR3sKmwUJJ,2021-04-16,us,United States
166,Glad You Exist,Dan + Shay,236560,https://open.spotify.com/track/472vIK1ldetTxRxG3ovaiY,2021-04-16,us,United States
167,Masterpiece,DaBaby,235886,https://open.spotify.com/track/26UxwWl9xCb83OynXELJcL,2021-04-16,us,United States
168,7 Summers,Morgan Wallen,235618,https://open.spotify.com/track/4obHzpwGrjoTuZh2DItEMZ,2021-04-16,us,United States
169,You’re Mines Still (feat. Drake),Yung Bleu,235364,https://open.spotify.com/track/7E2C5rBLpCKwQlhJPVFBRS,2021-04-16,us,United States
170,Hayloft,Mother Mother,235103,https://open.spotify.com/track/2kS6td1yvmpNgZTt1q5pQq,2021-04-16,us,United States
171,SugarCrash!,ElyOtto,234970,https://open.spotify.com/track/2ePtv8MlBO9nuuXABqAfEX,2021-04-16,us,United States
172,Cover Me Up,Morgan Wallen,233920,https://open.spotify.com/track/0mKnuxVkPi5h0kuvZl44VM,2021-04-16,us,United States
173,Friday (feat. Mufasa & Hypeman) - Dopamine Re-Edit,Riton,233917,https://open.spotify.com/track/4cG7HUWYHBV6R6tHn1gxrl,2021-04-16,us,United States
174,Somebody’s Problem,Morgan Wallen,232754,https://open.spotify.com/track/42lqBjPYlmL1EXpMDXvhSN,2021-04-16,us,United States
175,Cigarette Daydreams,Cage The Elephant,231639,https://open.spotify.com/track/0lkQOB949M2gLyut86aJ1b,2021-04-16,us,United States
176,Whipski (feat. Lil Skies & Internet Money),$NOT,231492,https://open.spotify.com/track/0a2Yk4ORO4MsGaJ4DI03qx,2021-04-16,us,United States
177,Mood Swings (feat. Lil Tjay),Pop Smoke,231464,https://open.spotify.com/track/5rZlwNFl01HqLWBQGryKSm,2021-04-16,us,United States
178,Be Like That - feat. Swae Lee & Khalid,Kane Brown,231278,https://open.spotify.com/track/5f1joOtoMeyppIcJGZQvqJ,2021-04-16,us,United States
179,Hell Of A View,Eric Church,230928,https://open.spotify.com/track/1kBx9VGumfuvlfqdlAGorE,2021-04-16,us,United States
180,Ballin' (with Roddy Ricch),Mustard,230119,https://open.spotify.com/track/3QzAOrNlsabgbMwlZt7TAY,2021-04-16,us,United States
181,Way Out (feat. Big Sean),Jack Harlow,230116,https://open.spotify.com/track/57VeLYXrvNxe8Vs18K2M9W,2021-04-16,us,United States
182,SICKO MODE,Travis Scott,230063,https://open.spotify.com/track/2xLMifQCjDGFmkHkpNLD9h,2021-04-16,us,United States
183,Dynamite,BTS,229624,https://open.spotify.com/track/4saklk6nie3yiGePpBwUoc,2021-04-16,us,United States
184,willow,Taylor Swift,229336,https://open.spotify.com/track/3Uo7WG0vmLQ07WB4BDwy7D,2021-04-16,us,United States
185,HIGHEST IN THE ROOM,Travis Scott,229002,https://open.spotify.com/track/3eekarcy7kvN4yt5ZFzltW,2021-04-16,us,United States
186,Everybody Talks,Neon Trees,228028,https://open.spotify.com/track/2iUmqdfGZcHIhS3b9E9EWq,2021-04-16,us,United States
187,X Gon' Give It To Ya - Int'l Bonus track,DMX,227747,https://open.spotify.com/track/66orjI5vOkyxOZLHWrPklh,2021-04-16,us,United States
188,Drip Too Hard (Lil Baby & Gunna),Lil Baby,227309,https://open.spotify.com/track/78QR3Wp35dqAhFEc2qAGjE,2021-04-16,us,United States
189,505,Arctic Monkeys,227027,https://open.spotify.com/track/58ge6dfP91o9oXMzq3XkIS,2021-04-16,us,United States
190,Tennessee Whiskey,Chris Stapleton,226652,https://open.spotify.com/track/3fqwjXwUGN6vbzIwvyFMhx,2021-04-16,us,United States
191,SAD!,XXXTENTACION,226641,https://open.spotify.com/track/3ee8Jmje8o58CHK66QrVC2,2021-04-16,us,United States
192,Star Shopping,Lil Peep,226504,https://open.spotify.com/track/30bqVoKjX479ab90a8Pafp,2021-04-16,us,United States
193,After Party,Don Toliver,226384,https://open.spotify.com/track/527k23H0A4Q0UJN3vGs0Da,2021-04-16,us,United States
194,BIG PURR (Prrdd) (feat. Pooh Shiesty),Coi Leray,225966,https://open.spotify.com/track/5byWPNSh2hi0ULmDxBgLyV,2021-04-16,us,United States
195,Bandit (with YoungBoy Never Broke Again),Juice WRLD,225557,https://open.spotify.com/track/6Gg1gjgKi2AK4e0qzsR7sd,2021-04-16,us,United States
196,EL MAKINON,KAROL G,225237,https://open.spotify.com/track/2FSGUA0gFgGeQdprjtGM2M,2021-04-16,us,United States
197,Bubblegum Bitch,MARINA,224676,https://open.spotify.com/track/1yOL7ZiXGx5ULeLoktAUAg,2021-04-16,us,United States
198,Ric Flair Drip (& Metro Boomin),Offset,223629,https://open.spotify.com/track/7sO5G9EABYOXQKNPNiE9NR,2021-04-16,us,United States
199,Take Me To Church,Hozier,223296,https://open.spotify.com/track/3dYD57lRAUcMHufyqn9GcI,2021-04-16,us,United States
200,Don't Stop Believin',Journey,222883,https://open.spotify.com/track/4bHsxqR3GMrXTxEPLuK5ue,2021-04-16,us,United States
1,פסקול חיי,Omer Adam,23124,https://open.spotify.com/track/2qmJ2h1UdncRMPI2DMRWvK,2021-03-15,il,Israel
2,יהלומים - BLING BLING,Noa Kirel,21709,https://open.spotify.com/track/7v63pRo1RXcYzrCxaMkGc5,2021-03-15,il,Israel
3,גדל לי קצת זקן,Eden Hason,21394,https://open.spotify.com/track/7kJ3RSCzrosxxkNgJtQ53v,2021-03-15,il,Israel
4,רוצה שלום,Raviv Kaner,20337,https://open.spotify.com/track/4L4dPjtEVEpZ0ER2deHAJA,2021-03-15,il,Israel
5,שקיעות אדומות,Eden Hason,19583,https://open.spotify.com/track/74pfNNxGlwSyokwtqxHcDa,2021-03-15,il,Israel
6,Astronaut In The Ocean,Masked Wolf,19551,https://open.spotify.com/track/3VT8hOC5vuDXBsHrR53WFh,2021-03-15,il,Israel
7,רסיסים,Raviv Kaner,17957,https://open.spotify.com/track/4qAHhdpiGcbzqwjqmwuXwj,2021-03-15,il,Israel
8,Save Your Tears,The Weeknd,16894,https://open.spotify.com/track/5QO79kh1waicV47BqGRL3g,2021-03-15,il,Israel
9,באור גדול,Eyal Golan,16882,https://open.spotify.com/track/3ygLMqx3CNVJmQAnriDDh2,2021-03-15,il,Israel
10,Blinding Lights,The Weeknd,14901,https://open.spotify.com/track/0VjIjW4GlUZAMYd2vXMi3b,2021-03-15,il,Israel
11,סיבת הסיבות,Ishay Ribo,14514,https://open.spotify.com/track/6sADtPKtORAMZP3GQhOsHv,2021-03-15,il,Israel
12,שלמים,Idan Rafael Haviv,13706,https://open.spotify.com/track/72W6xVQGdKHQl348KYgwg2,2021-03-15,il,Israel
13,בית משוגעים,Ran Danker,13330,https://open.spotify.com/track/66iaD8MCoVnBtqUhuzdglT,2021-03-15,il,Israel
14,drivers license,Olivia Rodrigo,13306,https://open.spotify.com/track/7lPN2DXiMsVn7XUKtOW1CS,2021-03-15,il,Israel
15,Leave The Door Open,Bruno Mars,13097,https://open.spotify.com/track/7MAibcTli4IisCtbHKrGMh,2021-03-15,il,Israel
16,שרק תחייך,Yuval Dayan,12967,https://open.spotify.com/track/7vn9SIc4NraLuIMzUeCK2o,2021-03-15,il,Israel
17,יהלום - Prod. By Triangle,Agam Buhbut,12657,https://open.spotify.com/track/20rg6HNd837eX34TA5tEVf,2021-03-15,il,Israel
18,חיים מאושרים,Nathan Goshen,12251,https://open.spotify.com/track/5bfyO9R6raJctlhVpXzPG4,2021-03-15,il,Israel
19,על מה בנות חושבות בלילה,Omer Adam,12247,https://open.spotify.com/track/7LegYLbISvXJFtAr4xDljO,2021-03-15,il,Israel
20,מה שנפל מהידיים,Omer Adam,11968,https://open.spotify.com/track/3Q1bZ5hE0mOKSyTN96deya,2021-03-15,il,Israel
21,אם תרצי,Hanan Ben Ari,11733,https://open.spotify.com/track/3BRlBgX59CKqOa8PXI41qQ,2021-03-15,il,Israel
22,Hold On,Justin Bieber,11183,https://open.spotify.com/track/4u4NyuceXP7Uzh7XFJKCr1,2021-03-15,il,Israel
23,תל אביב זה אני ואת,Amir Ve Ben,11109,https://open.spotify.com/track/1miFtZ1QgGhVpVxbL76Y9g,2021-03-15,il,Israel
24,מסיבה,Jasmin Moallem,11104,https://open.spotify.com/track/6wp8MFCXy2U6hAoLGnlxJn,2021-03-15,il,Israel
25,Watermelon Sugar,Harry Styles,10800,https://open.spotify.com/track/6UelLqGlWMcVH1E5c4H7lY,2021-03-15,il,Israel
26,חתולים,Jimbo J,10792,https://open.spotify.com/track/7IGkkk83NInOaTmLALMP7L,2021-03-15,il,Israel
27,ביחד,Marina Maximilian,10788,https://open.spotify.com/track/4NJbK9op9ixBJVOXEwNK4R,2021-03-15,il,Israel
28,Calling My Phone,Lil Tjay,10468,https://open.spotify.com/track/5Kskr9LcNYa0tpt5f0ZEJx,2021-03-15,il,Israel
29,What’s Next,Drake,10277,https://open.spotify.com/track/3aQem4jVGdhtg116TmJnHz,2021-03-15,il,Israel
30,נשמה שלי,Idan Rafael Haviv,10202,https://open.spotify.com/track/7606oAr5GqreqTOdIX3uGB,2021-03-15,il,Israel
31,Mood (feat. iann dior),24kGoldn,10199,https://open.spotify.com/track/3tjFYV6RSFtuktYl3ZtYcq,2021-03-15,il,Israel
32,אלוף העולם,Hanan Ben Ari,10042,https://open.spotify.com/track/67dg9xeMIRXjcQbmbWtBFW,2021-03-15,il,Israel
33,מה אתה רוצה,Ella Lee,9989,https://open.spotify.com/track/1inqeo4qN7t9nSPiwZtR82,2021-03-15,il,Israel
34,כשאת הולכת,Omer Adam,9813,https://open.spotify.com/track/2TE9K4A2YjHxkw7Um4Mudu,2021-03-15,il,Israel
35,אמן על הילדים,Hanan Ben Ari,9762,https://open.spotify.com/track/2B2tINzI2NSCEixQWlQBIK,2021-03-15,il,Israel
36,אין אותי יותר,Gal Adam,9699,https://open.spotify.com/track/6WBr8kINUWO14iuQSjgNI0,2021-03-15,il,Israel
37,Anxious,Dennis Lloyd,9553,https://open.spotify.com/track/0bqwsQAkGaO0jzfzgI5iLV,2021-03-15,il,Israel
38,Whoopty,CJ,9393,https://open.spotify.com/track/1t9WgS8FN0534tLBRwbaxO,2021-03-15,il,Israel
39,למה זה נגמר,Dudu Aharon,9316,https://open.spotify.com/track/2jawvO0d6xVWB5hhEm2vX7,2021-03-15,il,Israel
40,סיבובים,Eden Hason,9141,https://open.spotify.com/track/21qCzrANOK7gB0KPoNE1zP,2021-03-15,il,Israel
41,ואז את תראי,Doli & Penn,9049,https://open.spotify.com/track/7a8B2vmOcJ6btFlBGl2IX9,2021-03-15,il,Israel
42,"Lemonade (feat. Gunna, Don Toliver & NAV)",Internet Money,8861,https://open.spotify.com/track/7hxHWCCAIIxFLCzvDgnQHX,2021-03-15,il,Israel
43,מסע,Eliad,8829,https://open.spotify.com/track/2WBNUsV0WH7Cmjr71viWfC,2021-03-15,il,Israel
44,מיליונרים,Omer Adam,8796,https://open.spotify.com/track/3euOYOxxCEp64tlfgylOxO,2021-03-15,il,Israel
45,אור הירח,Jasmin Moallem,8675,https://open.spotify.com/track/1B6qAMPiD7sv3WNI90ELMz,2021-03-15,il,Israel
46,positions,Ariana Grande,8593,https://open.spotify.com/track/35mvY5S1H3J2QZyna3TFe0,2021-03-15,il,Israel
47,שבוע טוב,Avraham Tal,8442,https://open.spotify.com/track/4Ow0gCGxYfOcyiCuZOt9mp,2021-03-15,il,Israel
48,ג'וני,Bar Tzabary,8440,https://open.spotify.com/track/4hsCjKX3DOQobfRV1qJhWK,2021-03-15,il,Israel
49,The Business,Tiësto,8345,https://open.spotify.com/track/6f3Slt0GbA2bPZlz0aIFXN,2021-03-15,il,Israel
50,תסתכלי לי בעיניים,Idan Amedi,8315,https://open.spotify.com/track/2vskCzfDevuPke4HvzDbtJ,2021-03-15,il,Israel
51,נחכה לך,Nathan Goshen,8186,https://open.spotify.com/track/0ety2yTiWVKeqQeaed4Spj,2021-03-15,il,Israel
52,לשוב הביתה,Ishay Ribo,8184,https://open.spotify.com/track/52n4gF126eIllrGuc9Zus6,2021-03-15,il,Israel
53,שני ילדים בעולם,Nathan Goshen,7825,https://open.spotify.com/track/3qWDOGP2SBMLQ3nzMIkNbz,2021-03-15,il,Israel
54,Levitating (feat. DaBaby),Dua Lipa,7699,https://open.spotify.com/track/5nujrmhLynf4yMoMtj8AQF,2021-03-15,il,Israel
55,Arcade,Duncan Laurence,7541,https://open.spotify.com/track/1J14CdDAvBTE1AJYUOwl6C,2021-03-15,il,Israel
56,Therefore I Am,Billie Eilish,7463,https://open.spotify.com/track/54bFM56PmE4YLRnqpW6Tha,2021-03-15,il,Israel
57,צמאה לאהבה,Liran Danino,7392,https://open.spotify.com/track/6lSSdXZtqF4tFlmaQyV0ut,2021-03-15,il,Israel
58,Streets,Doja Cat,7331,https://open.spotify.com/track/60ynsPSSKe6O3sfwRnIBRf,2021-03-15,il,Israel
59,WITHOUT YOU,The Kid LAROI,7238,https://open.spotify.com/track/27OeeYzk6klgBh83TSvGMA,2021-03-15,il,Israel
60,We're Good,Dua Lipa,7104,https://open.spotify.com/track/1diS6nkxMQc3wwC4G1j0bh,2021-03-15,il,Israel
61,בחלומות שלנו,Dudu Aharon,7037,https://open.spotify.com/track/0nLRdLNqBO7EdyRdiixjRk,2021-03-15,il,Israel
62,את חסרה לי,Eden Hason,7027,https://open.spotify.com/track/016blcFaFbzXopGoqVOKZU,2021-03-15,il,Israel
63,Dance Monkey,Tones And I,6863,https://open.spotify.com/track/1rgnBhdG2JDFTbYkYRZAku,2021-03-15,il,Israel
64,telepatía,Kali Uchis,6843,https://open.spotify.com/track/6tDDoYIxWvMLTdKpjFkc1B,2021-03-15,il,Israel
65,Someone You Loved,Lewis Capaldi,6732,https://open.spotify.com/track/7qEHsqek33rTcFNT9PFqLf,2021-03-15,il,Israel
66,לא ביקשתי מלחמה,Kobi Maman,6699,https://open.spotify.com/track/2irqvE86qbdM9A7UHxUJWx,2021-03-15,il,Israel
67,עושה לנו טוב,Omer Adam,6681,https://open.spotify.com/track/1QTlFX85DkMEg7x6VlMkPG,2021-03-15,il,Israel
68,Take You Dancing,Jason Derulo,6676,https://open.spotify.com/track/59qrUpoplZxbIZxk6X0Bm3,2021-03-15,il,Israel
69,Prisoner (feat. Dua Lipa),Miley Cyrus,6674,https://open.spotify.com/track/2Oycxb8QbPkpHTo8ZrmG0B,2021-03-15,il,Israel
70,Alien,Dennis Lloyd,6658,https://open.spotify.com/track/1Tqshmc0rnQPaIGJfRp2Da,2021-03-15,il,Israel
71,אולי בעולם אחר,Zehava Ben,6594,https://open.spotify.com/track/0N9y6B3WnAqJRiCyXXw7wp,2021-03-15,il,Israel
72,שמש,Hanan Ben Ari,6524,https://open.spotify.com/track/3AmiMUDY8duiOiCYoRnjQ2,2021-03-15,il,Israel
73,Powerful,Red Band,6517,https://open.spotify.com/track/6bIZYCeCEixok9C8DtlI8P,2021-03-15,il,Israel
74,As a Stone,Full Trunk,6513,https://open.spotify.com/track/0odehEKB3SeuY8NIm9kBT4,2021-03-15,il,Israel
75,יש לי חור בלב בצורה שלך,Girafot,6373,https://open.spotify.com/track/6umqcYk4bRL8OaECbzqLZ1,2021-03-15,il,Israel
76,תחזרי מהר,Osher Cohen,6359,https://open.spotify.com/track/1SZHFu9wOj0tmtzQ5DO4pA,2021-03-15,il,Israel
77,עד שנגמר,Kobi Maman,6322,https://open.spotify.com/track/0DTjPMc46EOU7lty9JwZOT,2021-03-15,il,Israel
78,Up,Cardi B,6289,https://open.spotify.com/track/1M4OcYkxAtu3ErzSgDEfoi,2021-03-15,il,Israel
79,הנשיקות שלי,Omer Adam,6215,https://open.spotify.com/track/02fVXqkAXSUKnhBrbLBsc4,2021-03-15,il,Israel
80,מיליון דולר,Noa Kirel,6131,https://open.spotify.com/track/02WuyBR56QN3B6ZC0BeC3f,2021-03-15,il,Israel
81,Goosebumps - Remix,Travis Scott,6108,https://open.spotify.com/track/5uEYRdEIh9Bo4fpjDd4Na9,2021-03-15,il,Israel
82,אל תעזבי ידיים,Akiva,6090,https://open.spotify.com/track/7kF5DKRiCp7H5jnawmoW7k,2021-03-15,il,Israel
83,ROCKSTAR (feat. Roddy Ricch),DaBaby,6084,https://open.spotify.com/track/7ytR5pFWmSjzHJIeQkgog4,2021-03-15,il,Israel
84,זוכרת,Eden Meiri,6021,https://open.spotify.com/track/0A1fsMSdALXC5D0MjQKQEH,2021-03-15,il,Israel
85,Head & Heart (feat. MNEK),Joel Corry,6013,https://open.spotify.com/track/6cx06DFPPHchuUAcTxznu9,2021-03-15,il,Israel
86,מתגעגעת,Nathan Goshen,5992,https://open.spotify.com/track/7esGtFDnsMBKjKKkq6QwzY,2021-03-15,il,Israel
87,Paradise (feat. Dermot Kennedy),MEDUZA,5983,https://open.spotify.com/track/6ft4hAq6yde8jPZY2i5zLr,2021-03-15,il,Israel
88,מתגעגעת אותך (Mitga'aga'at Ot'cha),Idan Raichel,5982,https://open.spotify.com/track/7fFOfKHT2S4VNvOEHWkWTa,2021-03-15,il,Israel
89,עד מחר,Eviatar Banai,5966,https://open.spotify.com/track/5dlEgrCOjy9FTcQM1vrrh5,2021-03-15,il,Israel
90,מישהו איתי כאן,Benaia Barabi,5852,https://open.spotify.com/track/3UEYFJsF12eG1L0zrqlLPZ,2021-03-15,il,Israel
91,willow,Taylor Swift,5827,https://open.spotify.com/track/3Uo7WG0vmLQ07WB4BDwy7D,2021-03-15,il,Israel
92,עוד אחד ששר לך,Elai Botner,5783,https://open.spotify.com/track/01bJvYGLn1xMA32TasmOkb,2021-03-15,il,Israel
93,Good Days,SZA,5766,https://open.spotify.com/track/3YJJjQPAbDT7mGpX3WtQ9A,2021-03-15,il,Israel
94,אין יותר מועדונים,Eden Hason,5716,https://open.spotify.com/track/0q3yDDxPh0k5nvgh2SPcsS,2021-03-15,il,Israel
95,Wants and Needs (feat. Lil Baby),Drake,5713,https://open.spotify.com/track/65OVbaJR5O1RmwOQx0875b,2021-03-15,il,Israel
96,חלק מהזמן,Idan Amedi,5475,https://open.spotify.com/track/6AuhyP1rKXVGvvrqr5UNaK,2021-03-15,il,Israel
97,you broke me first,Tate McRae,5399,https://open.spotify.com/track/45bE4HXI0AwGZXfZtMp8JR,2021-03-15,il,Israel
98,Monster (Shawn Mendes & Justin Bieber),Shawn Mendes,5357,https://open.spotify.com/track/1HbA4N1MiOsPthALesGFR1,2021-03-15,il,Israel
99,ציפור מדבר,Eden Hason,5355,https://open.spotify.com/track/7td3robG0XWlTgTQKQrtcP,2021-03-15,il,Israel
100,Lucid Dreams,Juice WRLD,5323,https://open.spotify.com/track/285pBltuF7vW8TeWk8hdRR,2021-03-15,il,Israel
101,מורידים את הירח,Shlomi Shabat,5313,https://open.spotify.com/track/6RPkvzPRbQ5eHX2iSOF0te,2021-03-15,il,Israel
102,34+35,Ariana Grande,5275,https://open.spotify.com/track/6Im9k8u9iIzKMrmV7BWtlF,2021-03-15,il,Israel
103,Lonely (with benny blanco),Justin Bieber,5269,https://open.spotify.com/track/4y4spB9m0Q6026KfkAvy9Q,2021-03-15,il,Israel
104,Don't Start Now,Dua Lipa,5259,https://open.spotify.com/track/3PfIrDoz19wz7qK7tYeu62,2021-03-15,il,Israel
105,לבחור נכון,Amir Dadon,5232,https://open.spotify.com/track/7n6emXIcaECmkljP1rPlvQ,2021-03-15,il,Israel
106,Your Love (9PM),ATB,5173,https://open.spotify.com/track/5YaskwnGDZFDRipaqzbwQx,2021-03-15,il,Israel
107,מאושרים,Doli & Penn,5169,https://open.spotify.com/track/7gCQoHVFUJ52nIa2UfxeAt,2021-03-15,il,Israel
108,אל תשברי לי את הלב,Eden Hason,5153,https://open.spotify.com/track/20IZk0HHigxnXuHlsPNX40,2021-03-15,il,Israel
109,תתארו לכם,Shlomo Artzi,5150,https://open.spotify.com/track/0CgiwDmWBRlmD4wYXBsQ5I,2021-03-15,il,Israel
110,המחול המטורף,Omer Adam,5113,https://open.spotify.com/track/4FOi9ZXA6uqGNlB2o2Gbc9,2021-03-15,il,Israel
111,הלב שלי,Ishay Ribo,5036,https://open.spotify.com/track/7Ck421SAROdN0Q6RXMbic7,2021-03-15,il,Israel
112,ניצחת איתי הכל לייב,Ishay Ribo,4953,https://open.spotify.com/track/6gMor38fgBdx5EZYV3MJno,2021-03-15,il,Israel
113,Anyone,Justin Bieber,4904,https://open.spotify.com/track/31qCy5ZaophVA81wtlwLc4,2021-03-15,il,Israel
114,בסיבוב,Tuna,4897,https://open.spotify.com/track/5RnhWaP5VD3eJN3J0chPmh,2021-03-15,il,Israel
115,Señorita,Shawn Mendes,4892,https://open.spotify.com/track/6v3KW9xbzN5yKLt9YKDYA2,2021-03-15,il,Israel
116,בום,יוצרות את הבום,4881,https://open.spotify.com/track/5SHHojGVWdsqQmxfviDBa5,2021-03-15,il,Israel
117,קוקוריקו,Omer Adam,4853,https://open.spotify.com/track/5BqY4WvB0sfGqg4cq25Eto,2021-03-15,il,Israel
118,מי עוד יחבק,Osher Cohen,4850,https://open.spotify.com/track/1A8Uf1oSZC5oKD0sDHRlKy,2021-03-15,il,Israel
119,עולם משוגע,Tuna,4819,https://open.spotify.com/track/4JmmjsGmOED0sn0Le3r84u,2021-03-15,il,Israel
120,הרסת לי שירים,Noy Fadlon,4789,https://open.spotify.com/track/4lIdQyBHrG64fMHfKtNrN3,2021-03-15,il,Israel
121,ממה את מפחדת,Eyal Golan,4755,https://open.spotify.com/track/706pZPUcsKsREHM8RqHaY0,2021-03-15,il,Israel
122,איך אפשר,Jane Bordeaux,4737,https://open.spotify.com/track/7o6UDPFWtYrjUZnRvi1dvO,2021-03-15,il,Israel
123,Sweater Weather,The Neighbourhood,4722,https://open.spotify.com/track/2QjOHCTQ1Jl3zawyYOpxh6,2021-03-15,il,Israel
124,Shallow,Lady Gaga,4712,https://open.spotify.com/track/2VxeLyX666F8uXCJ0dZF8B,2021-03-15,il,Israel
125,הכל מהתחלה (Prod. By Triangle),Yam Refaeli,4702,https://open.spotify.com/track/7fUjUu56vWXzi4sW3KdjYe,2021-03-15,il,Israel
126,Modern Love,Geva Alon,4680,https://open.spotify.com/track/0RZsGLJGovonnUdW2STs23,2021-03-15,il,Israel
127,אתה בכולם,Yuval Dayan,4662,https://open.spotify.com/track/6MGqmeyY220QBylctkuTcn,2021-03-15,il,Israel
128,קטן עלינו,אמני ישראל,4640,https://open.spotify.com/track/7v0VSCjykfoquXKK91Pt7s,2021-03-15,il,Israel
129,HOLIDAY,Lil Nas X,4608,https://open.spotify.com/track/6zFMeegAMYQo0mt8rXtrli,2021-03-15,il,Israel
130,י'א 2,Tuna,4595,https://open.spotify.com/track/2PpTUW96jjJYr8ib8RUnUu,2021-03-15,il,Israel
131,איזבל,Omer Adam,4576,https://open.spotify.com/track/0kdxGzmpNNT8ST0MXuDvAs,2021-03-15,il,Israel
132,Do I Wanna Know?,Arctic Monkeys,4571,https://open.spotify.com/track/3rq5w4bQGigXOfdN30ATJt,2021-03-15,il,Israel
133,כל הדברים היפים באמת,Daniela Spector,4556,https://open.spotify.com/track/4BK0g4lnXyeYYlYgosqYtQ,2021-03-15,il,Israel
134,Golden,Harry Styles,4535,https://open.spotify.com/track/45S5WTQEGOB1VHr1Q4FuPl,2021-03-15,il,Israel
135,DÁKITI,Bad Bunny,4517,https://open.spotify.com/track/4MzXwWMhyBbmu6hOcLVD49,2021-03-15,il,Israel
136,חורף בחלון,Peer Tasi,4504,https://open.spotify.com/track/5gSHLyN1JFpfQgTaWDcTKC,2021-03-15,il,Israel
137,Heat Waves,Glass Animals,4496,https://open.spotify.com/track/02MWAaffLxlfxAUY7c5dvx,2021-03-15,il,Israel
138,אם אתה גבר,Noa Kirel,4490,https://open.spotify.com/track/7sTRlhopHysG8xf42IelBW,2021-03-15,il,Israel
139,ואם תבואי אליי,Idan Raichel,4486,https://open.spotify.com/track/0ACFJm4VlgvdHs2qvHZ6yG,2021-03-15,il,Israel
140,הלב שלי,Omer Adam,4479,https://open.spotify.com/track/7556sPhMiUgR8bh0WakpcG,2021-03-15,il,Israel
141,What You Know Bout Love,Pop Smoke,4452,https://open.spotify.com/track/1tkg4EHVoqnhR6iFEXb60y,2021-03-15,il,Israel
142,For The Night (feat. Lil Baby & DaBaby),Pop Smoke,4428,https://open.spotify.com/track/0PvFJmanyNQMseIFrU708S,2021-03-15,il,Israel
143,Adore You,Harry Styles,4424,https://open.spotify.com/track/3jjujdWJ72nww5eGnfs2E7,2021-03-15,il,Israel
144,כמה רקדנו,Benaia Barabi,4419,https://open.spotify.com/track/4pKBg8YPAnVAS170fHD382,2021-03-15,il,Israel
145,Breaking Me,Topic,4399,https://open.spotify.com/track/3H7ihDc1dqLriiWXwsc2po,2021-03-15,il,Israel
146,Take Me To Church,Hozier,4389,https://open.spotify.com/track/3dYD57lRAUcMHufyqn9GcI,2021-03-15,il,Israel
147,Roses - Imanbek Remix,SAINt JHN,4342,https://open.spotify.com/track/0zLCBJZSiELJf02ucPP9wb,2021-03-15,il,Israel
148,goosebumps,Travis Scott,4317,https://open.spotify.com/track/6gBFPUFcJLzWGx4lenP6h2,2021-03-15,il,Israel
149,Counting Stars,OneRepublic,4278,https://open.spotify.com/track/2tpWsVSb9UEmDRxAl1zhX1,2021-03-15,il,Israel
150,לא יוצא למסיבות,Mergui,4276,https://open.spotify.com/track/0aIyfRx5feUGCgIpjKbzId,2021-03-15,il,Israel
151,החזקתי לך ת'יד,Eden Meiri,4270,https://open.spotify.com/track/54jMOKjqaFUnTjumDkDcmY,2021-03-15,il,Israel
152,Why'd You Only Call Me When You're High?,Arctic Monkeys,4264,https://open.spotify.com/track/48q0vSHcJdhK3IiXH8C5WJ,2021-03-15,il,Israel
153,bad guy,Billie Eilish,4258,https://open.spotify.com/track/2Fxmhks0bxGSBdJ92vM42m,2021-03-15,il,Israel
154,Never Go Back,Dennis Lloyd,4252,https://open.spotify.com/track/2QrXzOqLCVDRZHkToA0tSR,2021-03-15,il,Israel
155,Life Is Good (feat. Drake),Future,4247,https://open.spotify.com/track/1K5KBOgreBi5fkEHvg5ap3,2021-03-15,il,Israel
156,Friday (feat. Mufasa & Hypeman) - Dopamine Re-Edit,Riton,4232,https://open.spotify.com/track/4cG7HUWYHBV6R6tHn1gxrl,2021-03-15,il,Israel
157,אמבולנס,Noa Kirel,4194,https://open.spotify.com/track/67p4gShuvxPoCfT1l6ZxAA,2021-03-15,il,Israel
158,סם הרדמה,שם טוב האבי,4192,https://open.spotify.com/track/55kmCYAsd5gzG30ELIexNC,2021-03-15,il,Israel
159,Dynamite,BTS,4186,https://open.spotify.com/track/4saklk6nie3yiGePpBwUoc,2021-03-15,il,Israel
160,"עוד יום - שיר הנושא מהסדרה תאג""ד",Full Trunk,4172,https://open.spotify.com/track/4F9TcpOdj5LMqgt94kMWjf,2021-03-15,il,Israel
161,Memories,Maroon 5,4165,https://open.spotify.com/track/2b8fOow8UzyDFAE27YhOZM,2021-03-15,il,Israel
162,שלח לי מלאך,Eviatar Banai,4161,https://open.spotify.com/track/6rzfEb4W6gUjItLG7GVAtb,2021-03-15,il,Israel
163,כל הזמן הזה,Ravid Plotnik,4160,https://open.spotify.com/track/3rKmSkxh9lnqM3p09W8FTJ,2021-03-15,il,Israel
164,F.N,Lil Tjay,4146,https://open.spotify.com/track/0RLLvYBopDwooCyvnTwgYu,2021-03-15,il,Israel
165,Believer,Imagine Dragons,4144,https://open.spotify.com/track/0pqnGHJpmpxLKifKRmU6WP,2021-03-15,il,Israel
166,רוקדים עם הדמעות,Itay Levi,4143,https://open.spotify.com/track/5bwpX9WRkHC4GFWPVomfiM,2021-03-15,il,Israel
167,POPSTAR (feat. Drake),DJ Khaled,4135,https://open.spotify.com/track/6EDO9iiTtwNv6waLwa1UUq,2021-03-15,il,Israel
168,Hello (feat. A Boogie Wit da Hoodie),Pop Smoke,4124,https://open.spotify.com/track/2r6OAV3WsYtXuXjvJ1lIDi,2021-03-15,il,Israel
169,בלילות,Rotem Cohen,4111,https://open.spotify.com/track/04fay70EbEGuUNBjnUgaU8,2021-03-15,il,Israel
170,אור גדול,Amir Dadon,4086,https://open.spotify.com/track/3rKq9QQzb28Klhwh1LK9nn,2021-03-15,il,Israel
171,Robbery,Juice WRLD,4068,https://open.spotify.com/track/6Hj9jySrnFppAI0sEMCZpJ,2021-03-15,il,Israel
172,נתראה בגלגול הבא,Ravid Plotnik,4067,https://open.spotify.com/track/6FCWTPS5kNoXIV9fx0PgAQ,2021-03-15,il,Israel
173,Before You Go,Lewis Capaldi,4050,https://open.spotify.com/track/2gMXnyrvIjhVBUZwvLZDMP,2021-03-15,il,Israel
174,זוט עני,Ella Lee,4045,https://open.spotify.com/track/0mFGPNg7pok4XH8hHwE24x,2021-03-15,il,Israel
175,השמיים נעולים,Doli & Penn,4038,https://open.spotify.com/track/52N2FDUfL0mPyAFfxRWheT,2021-03-15,il,Israel
176,לפני שייגמר,Idan Raichel,4036,https://open.spotify.com/track/1zcDxmjmae4FApg2HHIjOe,2021-03-15,il,Israel
177,גם זה יעבור,Tuna,4035,https://open.spotify.com/track/7vlw3ezpsoXCBONhNXLOcV,2021-03-15,il,Israel
178,HIGHEST IN THE ROOM,Travis Scott,4033,https://open.spotify.com/track/3eekarcy7kvN4yt5ZFzltW,2021-03-15,il,Israel
179,השתגעתי בגללך,Omer Adam,4019,https://open.spotify.com/track/1Rfbgq8goRAMoKvQszbDZ6,2021-03-15,il,Israel
180,אישה קשה,Jane Bordeaux,4004,https://open.spotify.com/track/0riTg4W5chUXwJJq7W8DSE,2021-03-15,il,Israel
181,Godzilla (feat. Juice WRLD),Eminem,3975,https://open.spotify.com/track/7FIWs0pqAYbP91WWM0vlTQ,2021-03-15,il,Israel
182,לרוץ אחרייך,שילה בן סעדון,3967,https://open.spotify.com/track/7G09ah2mGz3cR5QFwRUpIB,2021-03-15,il,Israel
183,lovely (with Khalid),Billie Eilish,3958,https://open.spotify.com/track/0u2P5u6lvoDfwTYjAADbn4,2021-03-15,il,Israel
184,אליי,Sapir Saban,3956,https://open.spotify.com/track/67QF5asz4N1rZT0T7U16JA,2021-03-15,il,Israel
185,אם העולם יגמר,Itay Levi,3948,https://open.spotify.com/track/0zpQ1oCcfiHV4Ny9qiG8Rg,2021-03-15,il,Israel
186,צבעים,Gil Vain,3933,https://open.spotify.com/track/0I6rh1Fz1zmJZARsxyo7v6,2021-03-15,il,Israel
187,בין קודש לחול,Amir Dadon,3895,https://open.spotify.com/track/3V1FEnWwoN0pt2n4F6JrNx,2021-03-15,il,Israel
188,נסיכה שלי,Ivri Lider,3843,https://open.spotify.com/track/29CnJh29jn9ps2E0ZYupct,2021-03-15,il,Israel
189,On The Ground,ROSÉ,3839,https://open.spotify.com/track/2pn8dNVSpYnAtlKFC8Q0DJ,2021-03-15,il,Israel
190,פאוץ',Noa Kirel,3828,https://open.spotify.com/track/1Hg89hDeCCUxG2w57pEOyq,2021-03-15,il,Israel
191,עד שתחזור,Yuval Dayan,3811,https://open.spotify.com/track/3pw20ZYKAch2MrZbina61g,2021-03-15,il,Israel
192,עכשיו,Benaia Barabi,3800,https://open.spotify.com/track/2nzG6FwA5iKtsqQQMQuSC8,2021-03-15,il,Israel
193,My Head & My Heart,Ava Max,3789,https://open.spotify.com/track/1KixkQVDUHggZMU9dUobgm,2021-03-15,il,Israel
194,Heartbreak Anniversary,Giveon,3788,https://open.spotify.com/track/3FAJ6O0NOHQV8Mc5Ri6ENp,2021-03-15,il,Israel
195,Riptide,Vance Joy,3783,https://open.spotify.com/track/7yq4Qj7cqayVTp3FF9CWbm,2021-03-15,il,Israel
196,Dior,Pop Smoke,3782,https://open.spotify.com/track/79s5XnCN4TJKTVMSmOx8Ep,2021-03-15,il,Israel
197,בדיוק כמו הירח,Yuval Dayan,3782,https://open.spotify.com/track/4oUdKVvn9QpGfYOHfErtLz,2021-03-15,il,Israel
198,מחכה,Idan Rafael Haviv,3772,https://open.spotify.com/track/3cmplhlwMZyQbuTHThyGe7,2021-03-15,il,Israel
199,Wonder,Shawn Mendes,3746,https://open.spotify.com/track/6ZuahEctZD6w75peme58hm,2021-03-15,il,Israel
200,The Box,Roddy Ricch,3740,https://open.spotify.com/track/0nbXyq5TXYPCO7pr3N8S4I,2021-03-15,il,Israel